"partner_id";"partner_name"
1;"Suresh"
2;"Amit"
3;"Lokesh"
4;"Kartik"
5;"Gyandeep"
6;"Rohan"
7;"Vikram"
8;"Pooja"
9;"Anjali"
10;"Rahul"
11;"Sneha"
12;"Arjun"
13;"Nisha"
14;"Varun"
15;"Kavita"
16;"Aditya"
17;"Riya"
18;"Karan"
19;"Simran"
20;"Kabir"
21;"Tanvi"
22;"Rajesh"
23;"Swati"
24;"Nikhil"
25;"Deepika"
26;"Sanjay"
27;"Bhavya"
28;"Gaurav"
29;"Esha"
30;"Tarun"
31;"Radhika"
32;"Yash"
33;"Shreya"
34;"Harsh"
35;"Neelam"
36;"Akash"
37;"Sonia"
38;"Mayank"
39;"Ritika"
40;"Alok"
41;"Pallavi"
42;"Chetan"
43;"Divya"
44;"Kartik"
45;"Monika"
46;"Pranav"
47;"Richa"
48;"Sahil"
49;"Tanya"
50;"Manish"
51;"Meera"
52;"Siddharth"
53;"Ishita"
54;"Aryan"
55;"Kiara"
56;"Vihaan"
57;"Myra"
58;"Reyansh"
59;"Aadhya"
60;"Vivaan"
61;"Saanvi"
62;"Aarav"
63;"Ananya"
64;"Krishna"
65;"Pari"
66;"Ishaan"
67;"Diya"
68;"Dhruv"
69;"Ridhima"
70;"Atharva"
71;"Shanaya"
72;"Shaurya"
73;"Kyra"
74;"Rudra"
75;"Amaira"
76;"Ayaan"
77;"Vani"
78;"Kabir"
79;"Navya"
80;"Om"
81;"Jhanvi"
82;"Veer"
83;"Kashish"
84;"Darsh"
85;"Avni"
86;"Zain"
87;"Prisha"
88;"Rishit"
89;"Mishka"
90;"Yuvraj"
91;"Samaira"
92;"Aadi"
93;"Ira"
94;"Tejas"
95;"Ahana"
96;"Laksh"
97;"Sara"
98;"Pratyush"
99;"Rahi"
100;"Samarth"
101;"Nitya"
102;"Dev"
103;"Eva"
104;"Daksh"
105;"Jiya"
106;"Rohan"
107;"Vikram"
108;"Pooja"
109;"Anjali"
110;"Rahul"
111;"Sneha"
112;"Arjun"
113;"Nisha"
114;"Varun"
115;"Kavita"
116;"Aditya"
117;"Riya"
118;"Karan"
119;"Simran"
120;"Kabir"
121;"Tanvi"
122;"Rajesh"
123;"Swati"
124;"Nikhil"
125;"Deepika"
126;"Sanjay"
127;"Bhavya"
128;"Gaurav"
129;"Esha"
130;"Tarun"
131;"Radhika"
132;"Yash"
133;"Shreya"
134;"Harsh"
135;"Neelam"
136;"Akash"
137;"Sonia"
138;"Mayank"
139;"Ritika"
140;"Alok"
141;"Pallavi"
142;"Chetan"
143;"Divya"
144;"Kartik"
145;"Monika"
146;"Pranav"
147;"Richa"
148;"Sahil"
149;"Tanya"
150;"Manish"
151;"Meera"
152;"Siddharth"
153;"Ishita"
154;"Aryan"
155;"Kiara"
156;"Vihaan"
157;"Myra"
158;"Reyansh"
159;"Aadhya"
160;"Vivaan"
161;"Saanvi"
162;"Aarav"
163;"Ananya"
164;"Krishna"
165;"Pari"
166;"Ishaan"
167;"Diya"
168;"Dhruv"
169;"Ridhima"
170;"Atharva"
171;"Shanaya"
172;"Shaurya"
173;"Kyra"
174;"Rudra"
175;"Amaira"
176;"Ayaan"
177;"Vani"
178;"Kabir"
179;"Navya"
180;"Om"
181;"Jhanvi"
182;"Veer"
183;"Kashish"
184;"Darsh"
185;"Avni"
186;"Zain"
187;"Prisha"
188;"Rishit"
189;"Mishka"
190;"Yuvraj"
191;"Samaira"
192;"Aadi"
193;"Ira"
194;"Tejas"
195;"Ahana"
196;"Laksh"
197;"Sara"
198;"Pratyush"
199;"Rahi"
200;"Samarth"
201;"Nitya"
202;"Dev"
203;"Eva"
204;"Daksh"
205;"Jiya"
206;"Rohan"
207;"Vikram"
208;"Pooja"
209;"Anjali"
210;"Rahul"
211;"Sneha"
212;"Arjun"
213;"Nisha"
214;"Varun"
215;"Kavita"
216;"Aditya"
217;"Riya"
218;"Karan"
219;"Simran"
220;"Kabir"
221;"Tanvi"
222;"Rajesh"
223;"Swati"
224;"Nikhil"
225;"Deepika"
226;"Sanjay"
227;"Bhavya"
228;"Gaurav"
229;"Esha"
230;"Tarun"
231;"Radhika"
232;"Yash"
233;"Shreya"
234;"Harsh"
235;"Neelam"
236;"Akash"
237;"Sonia"
238;"Mayank"
239;"Ritika"
240;"Alok"
241;"Pallavi"
242;"Chetan"
243;"Divya"
244;"Kartik"
245;"Monika"
246;"Pranav"
247;"Richa"
248;"Sahil"
249;"Tanya"
250;"Manish"
251;"Meera"
252;"Siddharth"
253;"Ishita"
254;"Aryan"
255;"Kiara"
256;"Vihaan"
257;"Myra"
258;"Reyansh"
259;"Aadhya"
260;"Vivaan"
261;"Saanvi"
262;"Aarav"
263;"Ananya"
264;"Krishna"
265;"Pari"
266;"Ishaan"
267;"Diya"
268;"Dhruv"
269;"Ridhima"
270;"Atharva"
271;"Shanaya"
272;"Shaurya"
273;"Kyra"
274;"Rudra"
275;"Amaira"
276;"Ayaan"
277;"Vani"
278;"Kabir"
279;"Navya"
280;"Om"
281;"Jhanvi"
282;"Veer"
283;"Kashish"
284;"Darsh"
285;"Avni"
286;"Zain"
287;"Prisha"
288;"Rishit"
289;"Mishka"
290;"Yuvraj"
291;"Samaira"
292;"Aadi"
293;"Ira"
294;"Tejas"
295;"Ahana"
296;"Laksh"
297;"Sara"
298;"Pratyush"
299;"Rahi"
300;"Samarth"
301;"Nitya"
302;"Dev"
303;"Eva"
304;"Daksh"
305;"Jiya"
306;"Rohan"
307;"Vikram"
308;"Pooja"
309;"Anjali"
310;"Rahul"
311;"Sneha"
312;"Arjun"
313;"Nisha"
314;"Varun"
315;"Kavita"
316;"Aditya"
317;"Riya"
318;"Karan"
319;"Simran"
320;"Kabir"
321;"Tanvi"
322;"Rajesh"
323;"Swati"
324;"Nikhil"
325;"Deepika"
326;"Sanjay"
327;"Bhavya"
328;"Gaurav"
329;"Esha"
330;"Tarun"
331;"Radhika"
332;"Yash"
333;"Shreya"
334;"Harsh"
335;"Neelam"
336;"Akash"
337;"Sonia"
338;"Mayank"
339;"Ritika"
340;"Alok"
341;"Pallavi"
342;"Chetan"
343;"Divya"
344;"Kartik"
345;"Monika"
346;"Pranav"
347;"Richa"
348;"Sahil"
349;"Tanya"
350;"Manish"
351;"Meera"
352;"Siddharth"
353;"Ishita"
354;"Aryan"
355;"Kiara"
356;"Vihaan"
357;"Myra"
358;"Reyansh"
359;"Aadhya"
360;"Vivaan"
361;"Saanvi"
362;"Aarav"
363;"Ananya"
364;"Krishna"
365;"Pari"
366;"Ishaan"
367;"Diya"
368;"Dhruv"
369;"Ridhima"
370;"Atharva"
371;"Shanaya"
372;"Shaurya"
373;"Kyra"
374;"Rudra"
375;"Amaira"
376;"Ayaan"
377;"Vani"
378;"Kabir"
379;"Navya"
380;"Om"
381;"Jhanvi"
382;"Veer"
383;"Kashish"
384;"Darsh"
385;"Avni"
386;"Zain"
387;"Prisha"
388;"Rishit"
389;"Mishka"
390;"Yuvraj"
391;"Samaira"
392;"Aadi"
393;"Ira"
394;"Tejas"
395;"Ahana"
396;"Laksh"
397;"Sara"
398;"Pratyush"
399;"Rahi"
400;"Samarth"
401;"Nitya"
402;"Dev"
403;"Eva"
404;"Daksh"
405;"Jiya"
406;"Rohan"
407;"Vikram"
408;"Pooja"
409;"Anjali"
410;"Rahul"
411;"Sneha"
412;"Arjun"
413;"Nisha"
414;"Varun"
415;"Kavita"
416;"Aditya"
417;"Riya"
418;"Karan"
419;"Simran"
420;"Kabir"
421;"Tanvi"
422;"Rajesh"
423;"Swati"
424;"Nikhil"
425;"Deepika"
426;"Sanjay"
427;"Bhavya"
428;"Gaurav"
429;"Esha"
430;"Tarun"
431;"Radhika"
432;"Yash"
433;"Shreya"
434;"Harsh"
435;"Neelam"
436;"Akash"
437;"Sonia"
438;"Mayank"
439;"Ritika"
440;"Alok"
441;"Pallavi"
442;"Chetan"
443;"Divya"
444;"Kartik"
445;"Monika"
446;"Pranav"
447;"Richa"
448;"Sahil"
449;"Tanya"
450;"Manish"
451;"Meera"
452;"Siddharth"
453;"Ishita"
454;"Aryan"
455;"Kiara"
456;"Vihaan"
457;"Myra"
458;"Reyansh"
459;"Aadhya"
460;"Vivaan"
461;"Saanvi"
462;"Aarav"
463;"Ananya"
464;"Krishna"
465;"Pari"
466;"Ishaan"
467;"Diya"
468;"Dhruv"
469;"Ridhima"
470;"Atharva"
471;"Shanaya"
472;"Shaurya"
473;"Kyra"
474;"Rudra"
475;"Amaira"
476;"Ayaan"
477;"Vani"
478;"Kabir"
479;"Navya"
480;"Om"
481;"Jhanvi"
482;"Veer"
483;"Kashish"
484;"Darsh"
485;"Avni"
486;"Zain"
487;"Prisha"
488;"Rishit"
489;"Mishka"
490;"Yuvraj"
491;"Samaira"
492;"Aadi"
493;"Ira"
494;"Tejas"
495;"Ahana"
496;"Laksh"
497;"Sara"
498;"Pratyush"
499;"Rahi"
500;"Samarth"
501;"Nitya"
502;"Dev"
503;"Eva"
504;"Daksh"
505;"Jiya"
506;"Rohan"
507;"Vikram"
508;"Pooja"
509;"Anjali"
510;"Rahul"
511;"Sneha"
512;"Arjun"
513;"Nisha"
514;"Varun"
515;"Kavita"
516;"Aditya"
517;"Riya"
518;"Karan"
519;"Simran"
520;"Kabir"
521;"Tanvi"
522;"Rajesh"
523;"Swati"
524;"Nikhil"
525;"Deepika"
526;"Sanjay"
527;"Bhavya"
528;"Gaurav"
529;"Esha"
530;"Tarun"
531;"Radhika"
532;"Yash"
533;"Shreya"
534;"Harsh"
535;"Neelam"
536;"Akash"
537;"Sonia"
538;"Mayank"
539;"Ritika"
540;"Alok"
541;"Pallavi"
542;"Chetan"
543;"Divya"
544;"Kartik"
545;"Monika"
546;"Pranav"
547;"Richa"
548;"Sahil"
549;"Tanya"
550;"Manish"
551;"Meera"
552;"Siddharth"
553;"Ishita"
554;"Aryan"
555;"Kiara"
556;"Vihaan"
557;"Myra"
558;"Reyansh"
559;"Aadhya"
560;"Vivaan"
561;"Saanvi"
562;"Aarav"
563;"Ananya"
564;"Krishna"
565;"Pari"
566;"Ishaan"
567;"Diya"
568;"Dhruv"
569;"Ridhima"
570;"Atharva"
571;"Shanaya"
572;"Shaurya"
573;"Kyra"
574;"Rudra"
575;"Amaira"
576;"Ayaan"
577;"Vani"
578;"Kabir"
579;"Navya"
580;"Om"
581;"Jhanvi"
582;"Veer"
583;"Kashish"
584;"Darsh"
585;"Avni"
586;"Zain"
587;"Prisha"
588;"Rishit"
589;"Mishka"
590;"Yuvraj"
591;"Samaira"
592;"Aadi"
593;"Ira"
594;"Tejas"
595;"Ahana"
596;"Laksh"
597;"Sara"
598;"Pratyush"
599;"Rahi"
600;"Samarth"
601;"Nitya"
602;"Dev"
603;"Eva"
604;"Daksh"
605;"Jiya"
606;"Rohan"
607;"Vikram"
608;"Pooja"
609;"Anjali"
610;"Rahul"
611;"Sneha"
612;"Arjun"
613;"Nisha"
614;"Varun"
615;"Kavita"
616;"Aditya"
617;"Riya"
618;"Karan"
619;"Simran"
620;"Kabir"
621;"Tanvi"
622;"Rajesh"
623;"Swati"
624;"Nikhil"
625;"Deepika"
626;"Sanjay"
627;"Bhavya"
628;"Gaurav"
629;"Esha"
630;"Tarun"
631;"Radhika"
632;"Yash"
633;"Shreya"
634;"Harsh"
635;"Neelam"
636;"Akash"
637;"Sonia"
638;"Mayank"
639;"Ritika"
640;"Alok"
641;"Pallavi"
642;"Chetan"
643;"Divya"
644;"Kartik"
645;"Monika"
646;"Pranav"
647;"Richa"
648;"Sahil"
649;"Tanya"
650;"Manish"
651;"Meera"
652;"Siddharth"
653;"Ishita"
654;"Aryan"
655;"Kiara"
656;"Vihaan"
657;"Myra"
658;"Reyansh"
659;"Aadhya"
660;"Vivaan"
661;"Saanvi"
662;"Aarav"
663;"Ananya"
664;"Krishna"
665;"Pari"
666;"Ishaan"
667;"Diya"
668;"Dhruv"
669;"Ridhima"
670;"Atharva"
671;"Shanaya"
672;"Shaurya"
673;"Kyra"
674;"Rudra"
675;"Amaira"
676;"Ayaan"
677;"Vani"
678;"Kabir"
679;"Navya"
680;"Om"
681;"Jhanvi"
682;"Veer"
683;"Kashish"
684;"Darsh"
685;"Avni"
686;"Zain"
687;"Prisha"
688;"Rishit"
689;"Mishka"
690;"Yuvraj"
691;"Samaira"
692;"Aadi"
693;"Ira"
694;"Tejas"
695;"Ahana"
696;"Laksh"
697;"Sara"
698;"Pratyush"
699;"Rahi"
700;"Samarth"
701;"Nitya"
702;"Dev"
703;"Eva"
704;"Daksh"
705;"Jiya"
706;"Rohan"
707;"Vikram"
708;"Pooja"
709;"Anjali"
710;"Rahul"
711;"Sneha"
712;"Arjun"
713;"Nisha"
714;"Varun"
715;"Kavita"
716;"Aditya"
717;"Riya"
718;"Karan"
719;"Simran"
720;"Kabir"
721;"Tanvi"
722;"Rajesh"
723;"Swati"
724;"Nikhil"
725;"Deepika"
726;"Sanjay"
727;"Bhavya"
728;"Gaurav"
729;"Esha"
730;"Tarun"
731;"Radhika"
732;"Yash"
733;"Shreya"
734;"Harsh"
735;"Neelam"
736;"Akash"
737;"Sonia"
738;"Mayank"
739;"Ritika"
740;"Alok"
741;"Pallavi"
742;"Chetan"
743;"Divya"
744;"Kartik"
745;"Monika"
746;"Pranav"
747;"Richa"
748;"Sahil"
749;"Tanya"
750;"Manish"
751;"Meera"
752;"Siddharth"
753;"Ishita"
754;"Aryan"
755;"Kiara"
756;"Vihaan"
757;"Myra"
758;"Reyansh"
759;"Aadhya"
760;"Vivaan"
761;"Saanvi"
762;"Aarav"
763;"Ananya"
764;"Krishna"
765;"Pari"
766;"Ishaan"
767;"Diya"
768;"Dhruv"
769;"Ridhima"
770;"Atharva"
771;"Shanaya"
772;"Shaurya"
773;"Kyra"
774;"Rudra"
775;"Amaira"
776;"Ayaan"
777;"Vani"
778;"Kabir"
779;"Navya"
780;"Om"
781;"Jhanvi"
782;"Veer"
783;"Kashish"
784;"Darsh"
785;"Avni"
786;"Zain"
787;"Prisha"
788;"Rishit"
789;"Mishka"
790;"Yuvraj"
791;"Samaira"
792;"Aadi"
793;"Ira"
794;"Tejas"
795;"Ahana"
796;"Laksh"
797;"Sara"
798;"Pratyush"
799;"Rahi"
800;"Samarth"
801;"Nitya"
802;"Dev"
803;"Eva"
804;"Daksh"
805;"Jiya"
806;"Rohan"
807;"Vikram"
808;"Pooja"
809;"Anjali"
810;"Rahul"
811;"Sneha"
812;"Arjun"
813;"Nisha"
814;"Varun"
815;"Kavita"
816;"Aditya"
817;"Riya"
818;"Karan"
819;"Simran"
820;"Kabir"
821;"Tanvi"
822;"Rajesh"
823;"Swati"
824;"Nikhil"
825;"Deepika"
826;"Sanjay"
827;"Bhavya"
828;"Gaurav"
829;"Esha"
830;"Tarun"
831;"Radhika"
832;"Yash"
833;"Shreya"
834;"Harsh"
835;"Neelam"
836;"Akash"
837;"Sonia"
838;"Mayank"
839;"Ritika"
840;"Alok"
841;"Pallavi"
842;"Chetan"
843;"Divya"
844;"Kartik"
845;"Monika"
846;"Pranav"
847;"Richa"
848;"Sahil"
849;"Tanya"
850;"Manish"
851;"Meera"
852;"Siddharth"
853;"Ishita"
854;"Aryan"
855;"Kiara"
856;"Vihaan"
857;"Myra"
858;"Reyansh"
859;"Aadhya"
860;"Vivaan"
861;"Saanvi"
862;"Aarav"
863;"Ananya"
864;"Krishna"
865;"Pari"
866;"Ishaan"
867;"Diya"
868;"Dhruv"
869;"Ridhima"
870;"Atharva"
871;"Shanaya"
872;"Shaurya"
873;"Kyra"
874;"Rudra"
875;"Amaira"
876;"Ayaan"
877;"Vani"
878;"Kabir"
879;"Navya"
880;"Om"
881;"Jhanvi"
882;"Veer"
883;"Kashish"
884;"Darsh"
885;"Avni"
886;"Zain"
887;"Prisha"
888;"Rishit"
889;"Mishka"
890;"Yuvraj"
891;"Samaira"
892;"Aadi"
893;"Ira"
894;"Tejas"
895;"Ahana"
896;"Laksh"
897;"Sara"
898;"Pratyush"
899;"Rahi"
900;"Samarth"
901;"Nitya"
902;"Dev"
903;"Eva"
904;"Daksh"
905;"Jiya"
906;"Rohan"
907;"Vikram"
908;"Pooja"
909;"Anjali"
910;"Rahul"
911;"Sneha"
912;"Arjun"
913;"Nisha"
914;"Varun"
915;"Kavita"
916;"Aditya"
917;"Riya"
918;"Karan"
919;"Simran"
920;"Kabir"
921;"Tanvi"
922;"Rajesh"
923;"Swati"
924;"Nikhil"
925;"Deepika"
926;"Sanjay"
927;"Bhavya"
928;"Gaurav"
929;"Esha"
930;"Tarun"
931;"Radhika"
932;"Yash"
933;"Shreya"
934;"Harsh"
935;"Neelam"
936;"Akash"
937;"Sonia"
938;"Mayank"
939;"Ritika"
940;"Alok"
941;"Pallavi"
942;"Chetan"
943;"Divya"
944;"Kartik"
945;"Monika"
946;"Pranav"
947;"Richa"
948;"Sahil"
949;"Tanya"
950;"Manish"
951;"Meera"
952;"Siddharth"
953;"Ishita"
954;"Aryan"
955;"Kiara"
956;"Vihaan"
957;"Myra"
958;"Reyansh"
959;"Aadhya"
960;"Vivaan"
961;"Saanvi"
962;"Aarav"
963;"Ananya"
964;"Krishna"
965;"Pari"
966;"Ishaan"
967;"Diya"
968;"Dhruv"
969;"Ridhima"
970;"Atharva"
971;"Shanaya"
972;"Shaurya"
973;"Kyra"
974;"Rudra"
975;"Amaira"
976;"Ayaan"
977;"Vani"
978;"Kabir"
979;"Navya"
980;"Om"
981;"Jhanvi"
982;"Veer"
983;"Kashish"
984;"Darsh"
985;"Avni"
986;"Zain"
987;"Prisha"
988;"Rishit"
989;"Mishka"
990;"Yuvraj"
991;"Samaira"
992;"Aadi"
993;"Ira"
994;"Tejas"
995;"Ahana"
996;"Laksh"
997;"Sara"
998;"Pratyush"
999;"Rahi"
1000;"Samarth"
1001;"Nitya"
1002;"Dev"
1003;"Eva"
1004;"Daksh"
1005;"Jiya"
