"menu_id";"r_id";"f_id";"price"
1;1;1;450
2;1;2;400
3;1;3;100
4;2;3;115
5;2;4;230
6;2;5;300
7;3;3;80
8;3;6;160
9;3;7;140
10;4;6;230
11;4;8;180
12;4;9;120
13;5;6;250
14;5;10;220
15;5;11;180
16;2;178;322
17;2;336;89
18;5;791;397
19;2;587;301
20;8;344;245
21;10;522;432
22;3;82;338
23;7;492;301
24;1;768;368
25;10;614;212
26;9;49;463
27;10;478;245
28;6;511;509
29;1;636;505
30;7;644;130
31;9;989;155
32;2;1003;342
33;10;983;61
34;2;936;64
35;4;775;408
36;3;288;331
37;10;100;359
38;9;151;219
39;3;242;270
40;5;109;88
41;1;110;217
42;4;775;433
43;6;370;163
44;1;524;283
45;8;541;205
46;10;832;178
47;9;320;113
48;7;62;168
49;1;309;309
50;7;824;76
51;9;955;178
52;5;509;124
53;3;734;511
54;5;454;504
55;2;275;429
56;10;648;175
57;4;921;327
58;1;572;393
59;8;653;51
60;1;368;347
61;9;665;359
62;2;755;234
63;7;959;501
64;7;676;206
65;6;892;407
66;10;517;430
67;3;84;346
68;8;802;460
69;8;168;376
70;8;878;73
71;7;1004;91
72;5;964;271
73;4;451;131
74;5;912;86
75;7;94;287
76;1;68;68
77;10;821;102
78;1;150;279
79;9;907;507
80;9;715;479
81;2;311;51
82;1;470;69
83;8;893;57
84;5;87;124
85;5;991;273
86;3;115;397
87;2;582;290
88;7;955;393
89;7;987;77
90;4;574;449
91;3;56;251
92;9;62;421
93;6;427;310
94;4;121;343
95;6;133;509
96;3;257;381
97;6;788;166
98;9;437;390
99;2;532;192
100;9;406;275
101;1;919;242
102;2;844;338
103;4;186;435
104;3;190;69
105;7;47;216
106;6;634;328
107;10;865;330
108;3;501;434
109;4;504;253
110;6;478;423
111;4;350;438
112;9;924;60
113;4;757;378
114;1;225;548
115;4;598;54
116;3;312;420
117;8;698;99
118;5;845;498
119;10;196;69
120;7;954;491
121;6;261;323
122;10;172;529
123;3;580;547
124;3;300;405
125;7;220;87
126;8;390;430
127;7;973;481
128;5;579;330
129;1;783;348
130;7;519;340
131;4;107;258
132;8;590;358
133;4;816;69
134;8;764;277
135;1;672;201
136;6;732;68
137;1;967;420
138;9;968;188
139;6;734;97
140;3;193;83
141;8;645;490
142;5;834;371
143;8;801;411
144;3;38;281
145;3;633;309
146;8;27;540
147;9;208;317
148;1;713;217
149;6;823;236
150;5;27;471
151;2;162;242
152;5;76;68
153;10;682;301
154;5;948;160
155;3;810;112
156;3;761;91
157;2;551;173
158;6;258;287
159;7;655;245
160;1;899;254
161;4;654;104
162;7;698;370
163;2;757;220
164;5;261;510
165;9;421;335
166;7;316;422
167;8;706;115
168;6;413;230
169;6;830;230
170;4;638;112
171;8;312;213
172;8;599;457
173;4;63;251
174;9;952;156
175;3;596;154
176;3;762;518
177;5;322;206
178;7;129;446
179;6;560;53
180;4;868;131
181;3;709;445
182;9;890;475
183;7;507;387
184;9;321;540
185;10;832;176
186;9;246;455
187;4;223;104
188;9;86;437
189;7;799;89
190;1;921;281
191;6;521;467
192;7;650;211
193;7;464;168
194;9;347;190
195;4;59;122
196;6;339;54
197;1;205;486
198;8;158;306
199;2;981;321
200;9;404;338
201;7;723;302
202;4;385;432
203;7;136;356
204;7;493;269
205;8;341;296
206;5;796;338
207;6;898;484
208;7;812;532
209;5;197;409
210;1;903;267
211;5;192;275
212;7;78;212
213;4;1;458
214;1;997;382
215;4;843;85
216;9;44;381
217;2;944;107
218;8;546;232
219;3;964;116
220;9;657;457
221;2;213;377
222;7;269;245
223;2;618;341
224;1;670;83
225;4;532;347
226;4;185;416
227;2;382;321
228;6;275;360
229;3;568;527
230;1;605;405
231;8;673;74
232;3;104;430
233;6;229;362
234;5;355;259
235;1;958;357
236;3;318;487
237;5;533;222
238;2;689;538
239;9;288;495
240;6;329;463
241;2;311;82
242;5;834;505
243;1;670;88
244;4;754;320
245;5;749;190
246;2;83;475
247;1;518;309
248;1;740;291
249;3;685;405
250;6;469;429
251;5;761;322
252;5;698;78
253;3;925;508
254;9;490;489
255;10;78;326
256;6;23;301
257;5;720;164
258;1;376;461
259;10;521;342
260;4;143;333
261;5;368;340
262;9;315;111
263;7;39;123
264;7;671;276
265;3;36;218
266;6;905;413
267;10;601;101
268;8;375;371
269;2;591;355
270;4;708;339
271;8;248;467
272;5;717;157
273;10;90;350
274;8;927;225
275;1;962;427
276;10;329;486
277;4;341;305
278;6;180;181
279;8;121;175
280;9;739;532
281;7;263;253
282;3;48;287
283;3;749;50
284;8;951;216
285;9;215;317
286;1;605;483
287;6;115;519
288;4;961;395
289;7;959;513
290;8;181;308
291;1;705;216
292;6;908;424
293;1;19;516
294;7;232;214
295;10;813;121
296;4;107;352
297;8;723;278
298;2;357;212
299;6;891;393
300;8;935;164
301;4;176;426
302;3;963;65
303;4;435;167
304;9;727;520
305;6;913;489
306;7;795;489
307;1;531;313
308;1;725;252
309;9;174;162
310;7;367;545
311;9;376;175
312;2;974;242
313;1;28;62
314;1;145;342
315;5;746;144
316;8;115;228
317;5;158;272
318;8;441;509
319;3;681;303
320;6;62;426
321;6;684;359
322;1;483;141
323;5;902;546
324;3;463;263
325;8;539;237
326;3;272;303
327;8;120;253
328;7;204;526
329;2;934;124
330;10;437;165
331;9;618;284
332;6;183;223
333;2;936;74
334;5;189;316
335;2;942;219
336;10;504;440
337;5;728;230
338;7;140;429
339;4;625;526
340;10;720;457
341;10;269;300
342;8;29;61
343;1;66;172
344;1;428;58
345;9;56;454
346;9;969;129
347;10;150;531
348;4;997;450
349;1;832;539
350;5;215;436
351;3;807;209
352;3;53;376
353;2;611;389
354;6;895;385
355;7;486;204
356;1;577;326
357;1;612;483
358;6;18;306
359;6;21;333
360;8;166;300
361;1;554;404
362;10;401;183
363;2;922;114
364;10;191;147
365;5;484;126
366;4;207;61
367;6;457;422
368;4;615;516
369;9;426;336
370;6;282;347
371;2;916;107
372;9;970;156
373;2;288;484
374;5;859;436
375;4;252;203
376;8;14;402
377;5;326;124
378;8;440;472
379;10;61;320
380;6;28;322
381;7;599;61
382;4;628;94
383;6;671;328
384;8;306;113
385;8;279;140
386;1;864;65
387;6;874;324
388;2;108;90
389;1;185;378
390;8;730;245
391;8;803;343
392;6;1010;218
393;7;460;146
394;7;436;224
395;5;219;411
396;10;674;265
397;2;471;486
398;10;239;183
399;7;331;429
400;9;807;321
401;4;1002;540
402;10;728;451
403;9;862;403
404;10;764;476
405;10;426;109
406;4;296;285
407;5;995;289
408;5;814;389
409;10;861;212
410;1;370;363
411;1;295;227
412;9;432;270
413;10;319;444
414;1;648;148
415;1;733;267
416;1;718;318
417;6;188;174
418;7;710;269
419;1;116;206
420;3;189;178
421;8;872;115
422;1;961;322
423;9;756;103
424;3;151;481
425;9;763;131
426;6;271;391
427;7;38;216
428;6;781;148
429;7;750;405
430;4;512;322
431;3;430;292
432;2;325;117
433;8;179;416
434;2;477;528
435;4;986;434
436;10;285;378
437;5;212;420
438;1;166;343
439;5;467;536
440;5;477;511
441;3;252;366
442;5;188;387
443;9;88;531
444;6;918;479
445;6;269;361
446;4;751;422
447;5;254;431
448;1;18;501
449;5;626;398
450;7;47;224
451;7;992;92
452;5;178;259
453;6;606;189
454;7;171;68
455;7;309;288
456;5;911;103
457;9;831;362
458;7;417;93
459;3;764;131
460;6;278;406
461;8;572;351
462;4;792;529
463;5;362;272
464;2;456;439
465;6;396;208
466;5;107;195
467;2;848;431
468;3;209;116
469;1;859;97
470;10;350;524
471;8;720;260
472;10;594;62
473;4;753;364
474;10;667;335
475;9;674;401
476;6;498;499
477;1;387;482
478;2;303;529
479;9;625;245
480;2;334;224
481;8;750;265
482;10;376;79
483;2;731;85
484;2;757;131
485;6;361;88
486;4;334;407
487;6;792;129
488;5;752;242
489;7;308;274
490;4;294;284
491;5;989;279
492;4;433;78
493;1;860;167
494;7;428;169
495;10;909;411
496;10;433;240
497;7;964;504
498;7;720;297
499;4;205;549
500;4;976;372
501;4;739;375
502;1;360;346
503;9;724;491
504;3;695;365
505;1;604;395
506;7;242;153
507;4;974;483
508;5;634;447
509;1;87;123
510;5;948;181
511;5;709;56
512;10;771;514
513;4;9;531
514;8;75;544
515;8;655;84
516;5;805;438
517;5;158;193
518;10;987;537
519;10;839;197
520;10;30;149
521;10;944;524
522;10;878;306
523;10;248;228
524;1;189;439
525;4;335;377
526;3;449;235
527;6;525;56
528;6;529;87
529;9;803;329
530;5;412;441
531;7;107;277
532;10;434;185
533;1;509;213
534;2;647;463
535;3;611;233
536;1;30;82
537;3;5;200
538;5;555;185
539;8;746;329
540;6;234;254
541;4;534;342
542;4;986;466
543;3;733;492
544;3;619;199
545;7;418;88
546;2;509;87
547;9;123;548
548;7;128;429
549;5;816;441
550;5;143;154
551;7;484;313
552;3;437;324
553;5;613;389
554;6;842;270
555;8;223;537
556;3;162;123
557;3;853;272
558;7;155;385
559;9;468;364
560;8;900;141
561;3;696;399
562;5;38;502
563;5;356;310
564;6;180;171
565;7;677;204
566;6;781;169
567;9;674;402
568;6;500;503
569;1;556;341
570;3;606;141
571;2;59;512
572;5;497;97
573;10;715;320
574;6;306;426
575;9;60;400
576;4;549;412
577;10;823;87
578;10;436;229
579;6;464;435
580;5;86;541
581;7;362;452
582;10;363;512
583;6;1009;210
584;7;121;422
585;4;628;543
586;1;402;435
587;7;14;85
588;4;370;489
589;4;886;285
590;8;233;531
591;2;754;222
592;5;418;347
593;8;923;220
594;10;836;161
595;7;520;380
596;8;826;451
597;6;428;256
598;8;761;232
599;6;753;59
600;9;267;412
601;9;1004;280
602;4;273;226
603;10;747;456
604;9;816;293
605;1;632;84
606;5;148;210
607;2;864;441
608;4;412;540
609;7;481;211
610;2;5;267
611;2;523;95
612;10;262;337
613;1;759;283
614;1;22;475
615;2;417;290
616;2;401;289
617;3;614;253
618;3;862;359
619;6;829;295
620;10;514;325
621;3;526;497
622;10;885;369
623;6;949;539
624;1;452;52
625;7;405;525
626;6;923;503
627;8;245;466
628;5;690;101
629;5;41;445
630;9;811;300
631;2;19;438
632;9;815;323
633;4;973;474
634;4;239;104
635;9;868;440
636;4;306;312
637;8;16;511
638;6;62;354
639;9;497;481
640;9;611;303
641;8;75;155
642;9;568;193
643;8;910;169
644;6;800;274
645;9;9;263
646;2;291;96
647;7;759;516
648;5;269;94
649;7;1001;546
650;1;20;97
651;5;822;451
652;6;481;372
653;9;77;534
654;7;202;116
655;1;946;288
656;6;463;326
657;4;325;256
658;2;302;134
659;10;237;212
660;10;641;251
661;2;367;284
662;3;882;347
663;4;2;518
664;7;596;503
665;8;97;144
666;7;751;413
667;5;851;547
668;5;271;543
669;2;719;124
670;7;607;137
671;1;839;517
672;2;125;78
673;10;439;252
674;8;388;429
675;7;950;433
676;1;804;508
677;2;239;344
678;3;441;277
679;10;476;274
680;9;853;400
681;10;770;495
682;2;165;206
683;1;436;517
684;4;99;224
685;5;198;366
686;6;1004;165
687;2;169;210
688;2;558;275
689;6;637;228
690;10;439;283
691;1;751;364
692;10;703;413
693;6;555;103
694;9;110;493
695;2;877;60
696;6;456;422
697;4;640;70
698;4;416;116
699;5;781;327
700;5;648;459
701;2;398;278
702;2;178;323
703;3;408;243
704;8;494;174
705;8;156;264
706;7;131;348
707;6;186;116
708;2;181;322
709;2;326;67
710;3;959;104
711;8;189;461
712;6;320;503
713;6;240;253
714;4;412;79
715;1;195;420
716;2;403;359
717;10;660;327
718;9;422;368
719;10;775;61
720;9;29;390
721;4;554;441
722;3;27;203
723;5;345;223
724;8;532;294
725;9;885;435
726;3;836;275
727;8;511;154
728;6;51;371
729;1;384;405
730;5;978;336
731;10;102;355
732;8;962;291
733;6;379;138
734;8;264;64
735;4;747;348
736;8;73;68
737;10;762;474
738;10;365;479
739;3;498;459
740;7;650;225
741;9;104;58
742;8;837;456
743;6;478;358
744;7;474;225
745;4;708;273
746;2;356;221
747;7;253;191
748;7;496;273
749;8;469;66
750;8;812;384
751;10;709;389
752;3;435;183
753;1;445;76
754;10;572;546
755;3;376;73
756;2;457;501
757;2;90;532
758;6;928;498
759;8;971;356
760;2;66;442
761;8;289;171
762;4;73;187
763;2;1008;293
764;5;778;304
765;3;663;332
766;9;632;314
767;8;272;65
768;4;648;131
769;9;993;162
770;2;241;370
771;5;530;125
772;2;456;405
773;3;897;461
774;5;803;356
775;7;573;445
776;3;898;391
777;8;722;206
778;5;163;322
779;3;590;141
780;2;273;478
781;5;833;390
782;10;644;236
783;10;678;287
784;4;399;489
785;3;435;303
786;3;736;493
787;3;619;197
788;7;330;400
789;6;556;127
790;2;182;305
791;1;550;386
792;8;673;107
793;6;544;529
794;2;42;377
795;2;782;262
796;9;753;204
797;4;651;188
798;5;430;436
799;6;619;200
800;7;460;178
801;10;842;249
802;6;319;82
803;4;715;246
804;9;50;404
805;4;881;127
806;2;337;143
807;10;129;461
808;8;190;421
809;2;555;186
810;8;796;435
811;5;162;207
812;1;541;243
813;4;499;286
814;9;2;228
815;8;827;427
816;4;354;440
817;9;947;105
818;8;423;469
819;10;201;130
820;3;570;144
821;3;707;418
822;6;724;460
823;10;358;488
824;4;988;510
825;7;622;72
826;4;768;381
827;1;189;464
828;6;429;237
829;7;903;376
830;6;987;108
831;7;950;410
832;8;787;313
833;3;921;378
834;6;812;224
835;4;651;151
836;1;834;481
837;9;604;286
838;6;469;343
839;6;984;160
840;2;280;459
841;3;875;316
842;1;742;283
843;2;288;55
844;2;968;146
845;1;906;145
846;3;787;88
847;1;45;77
848;2;558;212
849;10;895;303
850;9;901;453
851;4;393;477
852;2;990;334
853;10;838;261
854;7;892;308
855;10;162;536
856;4;1002;454
857;1;963;315
858;9;424;392
859;2;801;275
860;9;36;321
861;7;435;205
862;3;414;170
863;10;161;483
864;9;692;475
865;3;462;387
866;1;1011;541
867;10;637;250
868;2;381;316
869;6;86;455
870;9;591;304
871;8;444;457
872;8;340;256
873;1;43;71
874;1;300;162
875;3;537;513
876;1;462;118
877;4;157;468
878;8;83;177
879;1;385;457
880;10;207;167
881;6;88;429
882;6;421;281
883;1;945;288
884;6;494;394
885;10;840;157
886;6;266;334
887;1;576;391
888;8;498;217
889;2;986;193
890;6;689;490
891;4;184;455
892;6;114;67
893;9;84;501
894;3;620;186
895;6;804;252
896;7;4;91
897;5;803;421
898;4;439;136
899;6;300;445
900;1;968;343
901;1;572;364
902;5;380;309
903;5;812;347
904;6;55;332
905;7;626;102
906;7;37;134
907;8;189;408
908;1;968;411
909;8;539;272
910;7;799;87
911;1;800;522
912;4;939;341
913;2;921;127
914;1;760;363
915;9;519;514
916;2;741;225
917;6;761;89
918;2;444;444
919;7;785;547
920;7;259;216
921;9;479;392
922;1;994;494
923;5;835;366
924;7;540;353
925;5;360;286
926;4;86;309
927;4;152;413
928;2;730;84
929;2;704;518
930;7;191;121
931;2;302;77
932;4;758;347
933;8;878;122
934;2;182;315
935;2;974;291
936;6;201;251
937;5;907;159
938;5;357;328
939;8;990;401
940;6;785;125
941;5;695;125
942;7;7;529
943;8;1001;365
944;2;12;308
945;6;187;190
946;9;430;331
947;6;22;289
948;4;238;135
949;2;224;382
950;7;314;334
951;10;868;326
952;2;302;508
953;7;710;268
954;1;102;177
955;10;83;301
956;3;834;212
957;2;793;281
958;10;436;181
959;1;327;323
960;8;191;371
961;7;344;418
962;7;99;302
963;3;637;280
964;5;726;213
965;5;415;358
966;9;431;331
967;6;4;250
968;10;797;521
969;4;932;328
970;1;447;120
971;4;495;197
972;1;171;454
973;6;294;459
974;3;676;382
975;4;630;120
976;9;782;222
977;5;1;441
978;10;206;193
979;9;261;458
980;4;101;334
981;6;39;320
982;6;354;531
983;8;956;261
984;3;133;458
985;7;1011;513
986;7;419;125
987;6;134;104
988;2;413;349
989;8;54;527
990;7;205;136
991;3;785;101
992;2;640;347
993;1;617;457
994;3;764;79
995;1;965;397
996;7;971;536
997;10;15;106
998;6;264;422
999;10;471;304
1000;2;213;353
1001;5;210;459
1002;5;934;143
1003;2;256;439
1004;2;325;156
1005;2;886;85
1006;8;423;504
1007;3;755;472
1008;10;424;109
1009;4;359;421
1010;7;30;145
1011;9;790;195
1012;2;705;120
1013;7;643;220
1014;9;1006;329
1015;9;401;317
