"id";"order_id";"f_id"
1;1001;1
2;1001;3
3;1002;4
4;1002;3
5;1003;6
6;1003;3
7;1004;6
8;1004;3
9;1005;7
10;1005;3
11;1006;1
12;1006;2
13;1006;3
14;1007;4
15;1007;3
16;1008;6
17;1008;3
18;1009;8
19;1009;9
20;1010;10
21;1010;11
22;1010;6
23;1011;1
24;1012;8
25;1013;4
26;1014;4
27;1015;4
28;1016;8
29;1016;9
30;1017;8
31;1017;9
32;1018;10
33;1018;11
34;1019;10
35;1019;11
36;1020;10
37;1020;11
38;1021;1
39;1021;3
40;1022;1
41;1022;3
42;1023;3
43;1023;4
44;1023;5
45;1024;3
46;1024;4
47;1024;5
48;1025;3
49;1025;4
50;1025;5
1001;201;5
1002;201;9
1003;202;3
1004;202;7
1005;203;2
1006;203;8
1007;204;4
1008;204;6
1009;205;1
1010;205;10
1011;206;5
1012;206;7
1013;207;3
1014;207;9
1015;208;2
1016;208;6
1017;209;4
1018;209;8
1019;210;1
1020;210;10
1021;211;5
1022;211;6
1023;212;7
1024;212;9
1025;213;2
1026;213;8
1027;214;3
1028;214;4
1029;215;1
1030;215;10
1031;216;6
1032;216;9
1033;217;2
1034;217;5
1035;218;3
1036;218;7
1037;219;4
1038;219;8
1039;220;1
1040;220;10
1041;221;3
1042;221;6
1043;222;2
1044;222;8
1045;223;1
1046;223;5
1047;224;4
1048;224;9
1049;225;7
1050;225;10
1051;226;2
1052;226;6
1053;227;3
1054;227;8
1055;228;1
1056;228;4
1057;229;5
1058;229;9
1059;230;7
1060;230;10
1061;231;2
1062;231;6
1063;232;1
1064;232;8
1065;233;3
1066;233;5
1067;234;4
1068;234;9
1069;235;7
1070;235;10
1071;236;2
1072;236;6
1073;237;1
1074;237;8
1075;238;3
1076;238;5
1077;239;4
1078;239;9
1079;240;7
1080;240;10
1081;241;2
1082;241;6
1083;242;1
1084;242;8
1085;243;3
1086;243;5
1087;244;4
1088;244;9
1089;245;7
1090;245;10
1091;246;2
1092;246;6
1093;247;1
1094;247;8
1095;248;3
1096;248;5
1097;249;4
1098;249;9
1099;250;7
1100;250;10
1101;251;1
1102;251;4
1103;252;3
1104;252;7
1105;253;2
1106;253;6
1107;254;5
1108;254;9
1109;255;8
1110;255;10
1111;256;1
1112;256;6
1113;257;2
1114;257;7
1115;258;3
1116;258;9
1117;259;4
1118;259;8
1119;260;5
1120;260;10
1121;261;1
1122;261;7
1123;262;2
1124;262;6
1125;263;3
1126;263;9
1127;264;4
1128;264;8
1129;265;5
1130;265;10
1131;266;1
1132;266;6
1133;267;2
1134;267;7
1135;268;3
1136;268;9
1137;269;4
1138;269;8
1139;270;5
1140;270;10
1141;271;1
1142;271;6
1143;272;2
1144;272;7
1145;273;3
1146;273;9
1147;274;4
1148;274;8
1149;275;5
1150;275;10
1151;276;1
1152;276;6
1153;277;2
1154;277;7
1155;278;3
1156;278;9
1157;279;4
1158;279;8
1159;280;5
1160;280;10
1161;281;1
1162;281;4
1163;282;2
1164;282;6
1165;283;3
1166;283;7
1167;284;4
1168;284;8
1169;285;5
1170;285;9
1171;286;6
1172;286;10
1173;287;1
1174;287;7
1175;288;2
1176;288;8
1177;289;3
1178;289;9
1179;290;4
1180;290;10
1181;291;5
1182;291;1
1183;292;6
1184;292;2
1185;293;7
1186;293;3
1187;294;8
1188;294;4
1189;295;9
1190;295;5
1191;296;10
1192;296;6
1193;297;1
1194;297;7
1195;298;2
1196;298;8
1197;299;3
1198;299;9
1199;300;4
1200;300;10
1201;301;5
1202;301;6
1203;302;1
1204;302;2
1205;303;7
1206;303;8
1207;304;3
1208;304;4
1209;305;9
1210;305;10
1211;306;5
1212;306;1
1213;307;6
1214;307;2
1215;308;7
1216;308;3
1217;309;8
1218;309;4
1219;310;9
1220;310;10
1221;311;1
1222;311;5
1223;312;2
1224;312;6
1225;313;3
1226;313;7
1227;314;4
1228;314;8
1229;315;5
1230;315;9
1231;316;6
1232;316;10
1233;317;1
1234;317;7
1235;318;2
1236;318;8
1237;319;3
1238;319;9
1239;320;4
1240;320;10
1241;321;5
1242;321;6
1243;322;1
1244;322;2
1245;323;7
1246;323;8
1247;324;3
1248;324;4
1249;325;9
1250;325;10
1651;531;1
1652;531;4
1653;532;2
1654;532;6
1655;533;3
1656;533;7
1657;534;4
1658;534;8
1659;535;5
1660;535;9
1661;536;1
1662;536;6
1663;537;2
1664;537;7
1665;538;3
1666;538;8
1667;539;4
1668;539;9
1669;540;5
1670;540;10
1671;541;1
1672;541;4
1673;542;2
1674;542;6
1675;543;3
1676;543;7
1677;544;4
1678;544;8
1679;545;5
1680;545;9
1681;546;6
1682;546;10
1683;547;1
1684;547;7
1685;548;2
1686;548;8
1687;549;3
1688;549;9
1689;550;4
1690;550;10
1691;551;5
1692;551;6
1693;552;1
1694;552;2
1695;553;7
1696;553;8
1697;554;3
1698;554;4
1699;555;9
1700;555;10
1951;686;1
1952;686;6
1953;687;2
1954;687;7
1955;688;3
1956;688;8
1957;689;4
1958;689;9
1959;690;5
1960;690;10
1961;691;1
1962;691;4
1963;692;2
1964;692;6
1965;693;3
1966;693;7
1967;694;4
1968;694;8
1969;695;5
1970;695;9
1971;696;6
1972;696;10
1973;697;1
1974;697;7
1975;698;2
1976;698;8
1977;699;3
1978;699;9
1979;700;4
1980;700;10
1981;701;5
1982;701;6
1983;702;1
1984;702;2
1985;703;7
1986;703;8
1987;704;3
1988;704;4
1989;705;9
1990;705;10
1991;706;1
1992;706;4
1993;707;2
1994;707;6
1995;708;3
1996;708;7
1997;709;4
1998;709;8
1999;710;5
2000;710;9
1661;536;1
1662;536;6
1663;537;2
1664;537;7
1665;538;3
1666;538;8
1667;539;4
1668;539;9
1669;540;5
1670;540;10
1671;541;1
1672;541;4
1673;542;2
1674;542;6
1675;543;3
1676;543;7
1677;544;4
1678;544;8
1679;545;5
1680;545;9
1681;546;6
1682;546;10
1683;547;1
1684;547;7
1685;548;2
1686;548;8
1687;549;3
1688;549;9
1689;550;4
1690;550;10
1691;551;5
1692;551;6
1693;552;1
1694;552;2
1695;553;7
1696;553;8
1697;554;3
1698;554;4
1699;555;9
1700;555;10
1951;686;1
1952;686;6
1953;687;2
1954;687;7
1955;688;3
1956;688;8
1957;689;4
1958;689;9
1959;690;5
1960;690;10
1961;691;1
1962;691;4
1963;692;2
1964;692;6
1965;693;3
1966;693;7
1967;694;4
1968;694;8
1969;695;5
1970;695;9
1971;696;6
1972;696;10
1973;697;1
1974;697;7
1975;698;2
1976;698;8
1977;699;3
1978;699;9
1979;700;4
1980;700;10
1981;701;5
1982;701;6
1983;702;1
1984;702;2
1985;703;7
1986;703;8
1987;704;3
1988;704;4
1989;705;9
1990;705;10
1991;706;1
1992;706;4
1993;707;2
1994;707;6
1995;708;3
1996;708;7
1997;709;4
1998;709;8
1999;710;5
2000;710;9
2001;1026;645
2002;1026;623
2003;1027;170
2004;1027;1003
2005;1027;461
2006;1028;304
2007;1028;138
2008;1028;788
2009;1029;491
2010;1029;93
2011;1029;1011
2012;1030;732
2013;1030;627
2014;1030;938
2015;1031;786
2016;1031;106
2017;1031;192
2018;1032;644
2019;1032;620
2020;1032;157
2021;1033;947
2022;1033;220
2023;1033;280
2024;1034;738
2025;1034;827
2026;1034;911
2027;1035;49
2028;1035;547
2029;1035;563
2030;1036;163
2031;1036;139
2032;1036;203
2033;1037;599
2034;1037;364
2035;1037;24
2036;1038;37
2037;1038;111
2038;1038;444
2039;1039;875
2040;1039;10
2041;1039;459
2042;1040;242
2043;1040;843
2044;1040;457
2045;1041;763
2046;1041;425
2047;1041;847
2048;1042;936
2049;1042;115
2050;1042;801
2051;1043;627
2052;1043;730
2053;1043;757
2054;1044;582
2055;1044;642
2056;1044;451
2057;1045;329
2058;1045;292
2059;1045;471
2060;1046;466
2061;1046;919
2062;1046;161
2063;1047;72
2064;1047;887
2065;1047;174
2066;1048;231
2067;1048;633
2068;1048;451
2069;1049;353
2070;1049;411
2071;1049;998
2072;1050;721
2073;1050;612
2074;1050;898
2075;1051;631
2076;1051;460
2077;1051;407
2078;1052;654
2079;1052;27
2080;1052;194
2081;1053;890
2082;1053;832
2083;1053;479
2084;1054;909
2085;1054;76
2086;1054;683
2087;1055;154
2088;1055;743
2089;1055;220
2090;1056;892
2091;1056;769
2092;1056;154
2093;1057;487
2094;1057;962
2095;1057;313
2096;1058;700
2097;1058;539
2098;1058;594
2099;1059;342
2100;1059;938
2101;1059;630
2102;1060;334
2103;1060;792
2104;1060;935
2105;1061;279
2106;1061;609
2107;1061;185
2108;1062;108
2109;1062;994
2110;1062;605
2111;1063;41
2112;1063;410
2113;1063;918
2114;1064;324
2115;1064;890
2116;1064;445
2117;1065;566
2118;1065;484
2119;1065;719
2120;1066;122
2121;1066;475
2122;1066;997
2123;1067;526
2124;1067;648
2125;1067;652
2126;1068;306
2127;1068;581
2128;1068;979
2129;1069;115
2130;1069;674
2131;1069;1001
2132;1070;961
2133;1070;792
2134;1070;64
2135;1071;976
2136;1071;645
2137;1071;294
2138;1072;547
2139;1072;843
2140;1072;552
2141;1073;230
2142;1073;505
2143;1073;824
2144;1074;580
2145;1074;429
2146;1074;405
2147;1075;737
2148;1075;448
2149;1075;30
2150;1076;826
2151;1076;1006
2152;1076;530
2153;1077;643
2154;1077;615
2155;1077;132
2156;1078;836
2157;1078;751
2158;1078;234
2159;1079;939
2160;1079;960
2161;1079;973
2162;1080;972
2163;1080;928
2164;1080;715
2165;1081;790
2166;1081;795
2167;1081;594
2168;1082;582
2169;1082;116
2170;1082;856
2171;1083;898
2172;1083;912
2173;1083;854
2174;1084;524
2175;1084;58
2176;1084;737
2177;1085;477
2178;1085;176
2179;1085;460
2180;1086;759
2181;1086;391
2182;1086;689
2183;1087;248
2184;1087;186
2185;1087;184
2186;1088;362
2187;1088;245
2188;1088;139
2189;1089;972
2190;1089;397
2191;1089;80
2192;1090;220
2193;1090;860
2194;1090;605
2195;1091;445
2196;1091;411
2197;1091;719
2198;1092;340
2199;1092;555
2200;1092;741
2201;1093;18
2202;1093;898
2203;1093;391
2204;1094;272
2205;1094;187
2206;1094;118
2207;1095;27
2208;1095;794
2209;1095;854
2210;1096;878
2211;1096;818
2212;1096;441
2213;1097;763
2214;1097;468
2215;1097;51
2216;1098;871
2217;1098;159
2218;1098;202
2219;1099;534
2220;1099;39
2221;1099;617
2222;1100;946
2223;1100;858
2224;1100;437
2225;1101;622
2226;1101;788
2227;1101;52
2228;1102;927
2229;1102;437
2230;1102;412
2231;1103;748
2232;1103;484
2233;1103;175
2234;1104;434
2235;1104;631
2236;1104;842
2237;1105;296
2238;1105;977
2239;1105;962
2240;1106;865
2241;1106;431
2242;1106;571
2243;1107;549
2244;1107;22
2245;1107;482
2246;1108;321
2247;1108;158
2248;1108;837
2249;1109;679
2250;1109;885
2251;1109;364
2252;1110;175
2253;1110;793
2254;1110;408
2255;1111;671
2256;1111;108
2257;1111;547
2258;1112;392
2259;1112;315
2260;1112;400
2261;1113;44
2262;1113;28
2263;1113;9
2264;1114;971
2265;1114;785
2266;1114;1011
2267;1115;678
2268;1115;357
2269;1115;761
2270;1116;713
2271;1116;271
2272;1116;224
2273;1117;309
2274;1117;871
2275;1117;393
2276;1118;364
2277;1118;642
2278;1118;96
2279;1119;575
2280;1119;564
2281;1119;85
2282;1120;754
2283;1120;480
2284;1120;137
2285;1121;258
2286;1121;876
2287;1121;575
2288;1122;246
2289;1122;516
2290;1122;829
2291;1123;574
2292;1123;383
2293;1123;193
2294;1124;828
2295;1124;528
2296;1124;155
2297;1125;199
2298;1125;531
2299;1125;36
2300;1126;610
2301;1126;917
2302;1126;735
2303;1127;920
2304;1127;376
2305;1127;127
2306;1128;519
2307;1128;193
2308;1128;415
2309;1129;488
2310;1129;181
2311;1129;452
2312;1130;704
2313;1130;144
2314;1130;631
2315;1131;697
2316;1131;584
2317;1131;826
2318;1132;357
2319;1132;315
2320;1132;504
2321;1133;563
2322;1133;294
2323;1133;792
2324;1134;43
2325;1134;870
2326;1134;176
2327;1135;293
2328;1135;937
2329;1135;773
2330;1136;44
2331;1136;931
2332;1136;479
2333;1137;610
2334;1137;605
2335;1137;184
2336;1138;114
2337;1138;18
2338;1138;760
2339;1139;712
2340;1139;270
2341;1139;222
2342;1140;300
2343;1140;833
2344;1140;233
2345;1141;688
2346;1141;719
2347;1141;517
2348;1142;430
2349;1142;599
2350;1142;692
2351;1143;650
2352;1143;164
2353;1143;891
2354;1144;931
2355;1144;968
2356;1144;24
2357;1145;249
2358;1145;163
2359;1145;68
2360;1146;863
2361;1146;63
2362;1146;761
2363;1147;583
2364;1147;629
2365;1147;386
2366;1148;41
2367;1148;59
2368;1148;171
2369;1149;677
2370;1149;849
2371;1149;192
2372;1150;434
2373;1150;581
2374;1150;593
2375;1151;211
2376;1151;285
2377;1151;790
2378;1152;64
2379;1152;984
2380;1152;682
2381;1153;457
2382;1153;237
2383;1153;826
2384;1154;386
2385;1154;463
2386;1154;145
2387;1155;348
2388;1155;294
2389;1155;425
2390;1156;230
2391;1156;886
2392;1156;706
2393;1157;870
2394;1157;211
2395;1157;466
2396;1158;687
2397;1158;15
2398;1158;36
2399;1159;132
2400;1159;553
2401;1159;345
2402;1160;68
2403;1160;314
2404;1160;356
2405;1161;837
2406;1161;83
2407;1161;936
2408;1162;385
2409;1162;130
2410;1162;505
2411;1163;111
2412;1163;49
2413;1163;926
2414;1164;437
2415;1164;416
2416;1164;768
2417;1165;571
2418;1165;548
2419;1165;18
2420;1166;466
2421;1166;254
2422;1166;882
2423;1167;617
2424;1167;437
2425;1167;332
2426;1168;349
2427;1168;749
2428;1168;677
2429;1169;124
2430;1169;612
2431;1169;665
2432;1170;477
2433;1170;389
2434;1170;515
2435;1171;395
2436;1171;431
2437;1171;969
2438;1172;519
2439;1172;698
2440;1172;923
2441;1173;498
2442;1173;733
2443;1173;145
2444;1174;550
2445;1174;291
2446;1174;814
2447;1175;165
2448;1175;406
2449;1175;522
2450;1176;380
2451;1176;334
2452;1176;529
2453;1177;632
2454;1177;563
2455;1177;916
2456;1178;871
2457;1178;593
2458;1178;352
2459;1179;993
2460;1179;873
2461;1179;377
2462;1180;278
2463;1180;255
2464;1180;443
2465;1181;440
2466;1181;867
2467;1181;995
2468;1182;352
2469;1182;795
2470;1182;895
2471;1183;68
2472;1183;688
2473;1183;204
2474;1184;976
2475;1184;223
2476;1184;208
2477;1185;373
2478;1185;227
2479;1185;18
2480;1186;418
2481;1186;13
2482;1186;833
2483;1187;83
2484;1187;949
2485;1187;451
2486;1188;419
2487;1188;743
2488;1188;433
2489;1189;946
2490;1189;397
2491;1189;159
2492;1190;616
2493;1190;578
2494;1190;32
2495;1191;445
2496;1191;109
2497;1191;221
2498;1192;777
2499;1192;189
2500;1192;636
2501;1193;591
2502;1193;33
2503;1193;413
2504;1194;957
2505;1194;510
2506;1194;692
2507;1195;919
2508;1195;494
2509;1195;724
2510;1196;115
2511;1196;426
2512;1196;772
2513;1197;560
2514;1197;484
2515;1197;737
2516;1198;212
2517;1198;872
2518;1198;691
2519;1199;839
2520;1199;100
2521;1199;3
2522;1200;725
2523;1200;584
2524;1200;745
2525;1201;959
2526;1201;539
2527;1201;828
2528;1202;502
2529;1202;24
2530;1202;636
2531;1203;76
2532;1203;491
2533;1203;203
2534;1204;556
2535;1204;146
2536;1204;75
2537;1205;947
2538;1205;463
2539;1205;488
2540;1206;38
2541;1206;746
2542;1206;582
2543;1207;671
2544;1207;599
2545;1207;983
2546;1208;84
2547;1208;503
2548;1208;239
2549;1209;696
2550;1209;740
2551;1209;602
2552;1210;789
2553;1210;117
2554;1210;240
2555;1211;849
2556;1211;489
2557;1211;911
2558;1212;52
2559;1212;563
2560;1212;633
2561;1213;466
2562;1213;429
2563;1213;748
2564;1214;431
2565;1214;921
2566;1214;280
2567;1215;657
2568;1215;424
2569;1215;146
2570;1216;470
2571;1216;900
2572;1216;58
2573;1217;622
2574;1217;912
2575;1217;673
2576;1218;626
2577;1218;102
2578;1218;652
2579;1219;931
2580;1219;678
2581;1219;595
2582;1220;942
2583;1220;903
2584;1220;676
2585;1221;672
2586;1221;320
2587;1221;595
2588;1222;1004
2589;1222;201
2590;1222;15
2591;1223;481
2592;1223;340
2593;1223;255
2594;1224;254
2595;1224;503
2596;1224;744
2597;1225;186
2598;1225;721
2599;1225;14
2600;1226;940
2601;1226;613
2602;1226;243
2603;1227;388
2604;1227;200
2605;1227;847
2606;1228;601
2607;1228;462
2608;1228;505
2609;1229;131
2610;1229;149
2611;1229;352
2612;1230;303
2613;1230;459
2614;1230;373
2615;1231;486
2616;1231;301
2617;1231;44
2618;1232;331
2619;1232;510
2620;1232;546
2621;1233;190
2622;1233;321
2623;1233;22
2624;1234;160
2625;1234;733
2626;1234;152
2627;1235;580
2628;1235;425
2629;1235;383
2630;1236;638
2631;1236;19
2632;1236;201
2633;1237;948
2634;1237;94
2635;1237;658
2636;1238;984
2637;1238;926
2638;1238;667
2639;1239;557
2640;1239;783
2641;1239;220
2642;1240;774
2643;1240;178
2644;1240;587
2645;1241;377
2646;1241;127
2647;1241;512
2648;1242;155
2649;1242;253
2650;1242;798
2651;1243;197
2652;1243;611
2653;1243;443
2654;1244;379
2655;1244;569
2656;1244;695
2657;1245;756
2658;1245;683
2659;1245;135
2660;1246;649
2661;1246;815
2662;1246;109
2663;1247;119
2664;1247;269
2665;1247;989
2666;1248;91
2667;1248;521
2668;1248;310
2669;1249;997
2670;1249;13
2671;1249;103
2672;1250;479
2673;1250;61
2674;1250;890
2675;1251;223
2676;1251;467
2677;1251;653
2678;1252;851
2679;1252;275
2680;1252;846
2681;1253;368
2682;1253;312
2683;1253;458
2684;1254;342
2685;1254;337
2686;1254;656
2687;1255;249
2688;1255;287
2689;1255;686
2690;1256;546
2691;1256;674
2692;1256;720
2693;1257;567
2694;1257;674
2695;1257;659
2696;1258;260
2697;1258;333
2698;1258;885
2699;1259;394
2700;1259;324
2701;1259;439
2702;1260;213
2703;1260;755
2704;1260;104
2705;1261;275
2706;1261;51
2707;1261;442
2708;1262;33
2709;1262;861
2710;1262;161
2711;1263;243
2712;1263;731
2713;1263;904
2714;1264;306
2715;1264;841
2716;1264;251
2717;1265;752
2718;1265;986
2719;1265;651
2720;1266;298
2721;1266;545
2722;1266;821
2723;1267;447
2724;1267;781
2725;1267;543
2726;1268;371
2727;1268;227
2728;1268;21
2729;1269;433
2730;1269;79
2731;1269;108
2732;1270;303
2733;1270;177
2734;1270;988
2735;1271;363
2736;1271;875
2737;1271;250
2738;1272;648
2739;1272;465
2740;1272;383
2741;1273;517
2742;1273;427
2743;1273;584
2744;1274;625
2745;1274;361
2746;1274;941
2747;1275;589
2748;1275;122
2749;1275;864
2750;1276;922
2751;1276;1004
2752;1276;233
2753;1277;174
2754;1277;171
2755;1277;333
2756;1278;141
2757;1278;716
2758;1278;125
2759;1279;498
2760;1279;91
2761;1279;985
2762;1280;606
2763;1280;74
2764;1280;573
2765;1281;623
2766;1281;383
2767;1281;46
2768;1282;91
2769;1282;315
2770;1282;293
2771;1283;519
2772;1283;705
2773;1283;958
2774;1284;650
2775;1284;375
2776;1284;934
2777;1285;515
2778;1285;782
2779;1285;341
2780;1286;369
2781;1286;824
2782;1286;991
2783;1287;461
2784;1287;340
2785;1287;317
2786;1288;566
2787;1288;866
2788;1288;612
2789;1289;460
2790;1289;461
2791;1289;928
2792;1290;223
2793;1290;352
2794;1290;79
2795;1291;351
2796;1291;504
2797;1291;458
2798;1292;775
2799;1292;479
2800;1292;72
2801;1293;941
2802;1293;446
2803;1293;419
2804;1294;757
2805;1294;503
2806;1294;246
2807;1295;728
2808;1295;883
2809;1295;208
2810;1296;413
2811;1296;429
2812;1296;907
2813;1297;213
2814;1297;364
2815;1297;171
2816;1298;773
2817;1298;318
2818;1298;281
2819;1299;452
2820;1299;406
2821;1299;674
2822;1300;131
2823;1300;651
2824;1300;842
2825;1301;232
2826;1301;656
2827;1301;563
2828;1302;847
2829;1302;522
2830;1302;68
2831;1303;797
2832;1303;748
2833;1303;335
2834;1304;444
2835;1304;204
2836;1304;696
2837;1305;848
2838;1305;131
2839;1305;129
2840;1306;253
2841;1306;877
2842;1306;592
2843;1307;327
2844;1307;873
2845;1307;348
2846;1308;133
2847;1308;632
2848;1308;737
2849;1309;777
2850;1309;663
2851;1309;985
2852;1310;913
2853;1310;597
2854;1310;246
2855;1311;451
2856;1311;505
2857;1311;159
2858;1312;293
2859;1312;987
2860;1312;10
2861;1313;123
2862;1313;583
2863;1313;526
2864;1314;879
2865;1314;795
2866;1314;326
2867;1315;255
2868;1315;297
2869;1315;718
2870;1316;676
2871;1316;217
2872;1316;67
2873;1317;693
2874;1317;233
2875;1317;94
2876;1318;780
2877;1318;588
2878;1318;600
2879;1319;222
2880;1319;320
2881;1319;933
2882;1320;672
2883;1320;563
2884;1320;796
2885;1321;271
2886;1321;988
2887;1321;81
2888;1322;475
2889;1322;111
2890;1322;137
2891;1323;353
2892;1323;342
2893;1323;651
2894;1324;204
2895;1324;81
2896;1324;802
2897;1325;733
2898;1325;248
2899;1325;50
2900;1326;516
2901;1326;408
2902;1326;493
2903;1327;229
2904;1327;676
2905;1327;672
2906;1328;319
2907;1328;588
2908;1328;973
2909;1329;67
2910;1329;449
2911;1329;23
2912;1330;787
2913;1330;831
2914;1330;786
2915;1331;422
2916;1331;765
2917;1331;538
2918;1332;391
2919;1332;342
2920;1332;535
2921;1333;637
2922;1333;570
2923;1333;936
2924;1334;950
2925;1334;929
2926;1334;784
2927;1335;121
2928;1335;274
2929;1335;1007
2930;1336;167
2931;1336;849
2932;1336;712
2933;1337;1009
2934;1337;889
2935;1337;405
2936;1338;369
2937;1338;631
2938;1338;24
2939;1339;251
2940;1339;168
2941;1339;88
2942;1340;948
2943;1340;432
2944;1340;324
2945;1341;325
2946;1341;653
2947;1341;268
2948;1342;392
2949;1342;144
2950;1342;555
2951;1343;321
2952;1343;950
2953;1343;755
2954;1344;925
2955;1344;337
2956;1344;929
2957;1345;603
2958;1345;228
2959;1345;342
2960;1346;13
2961;1346;49
2962;1346;206
2963;1347;881
2964;1347;755
2965;1347;119
2966;1348;352
2967;1348;390
2968;1348;895
2969;1349;271
2970;1349;690
2971;1349;617
2972;1350;3
2973;1350;186
2974;1350;919
2975;1351;1005
2976;1351;246
2977;1351;237
2978;1352;446
2979;1352;507
2980;1352;185
2981;1353;415
2982;1353;507
2983;1353;279
2984;1354;885
2985;1354;557
2986;1354;126
2987;1355;980
2988;1355;479
2989;1355;466
2990;1356;892
2991;1356;26
2992;1356;490
2993;1357;348
2994;1357;268
2995;1357;296
2996;1358;674
2997;1358;463
2998;1358;291
2999;1359;66
3000;1359;467
