"user_id";"name";"email";"password"
1;"Nitish";"nitish@gmail.com";"p252h"
2;"Khushboo";"khushboo@gmail.com";"hxn9b"
3;"Vartika";"vartika@gmail.com";"9hu7j"
4;"Ankit";"ankit@gmail.com";"lkko3"
5;"Neha";"neha@gmail.com";"3i7qm"
6;"Anupama";"anupama@gmail.com";"46rdw2"
7;"Rishabh";"rishabh@gmail.com";"4sw123"
8;"User_8";"user8@gmail.com";"ccd3c"
9;"User_9";"user9@gmail.com";"c28cc"
10;"User_10";"user10@gmail.com";"a3224"
11;"User_11";"user11@gmail.com";"01028"
12;"User_12";"user12@gmail.com";"0bd0f"
13;"User_13";"user13@gmail.com";"c868b"
14;"User_14";"user14@gmail.com";"d1f38"
15;"User_15";"user15@gmail.com";"b2797"
16;"User_16";"user16@gmail.com";"66c99"
17;"User_17";"user17@gmail.com";"6c2a5"
18;"User_18";"user18@gmail.com";"64152"
19;"User_19";"user19@gmail.com";"1f61b"
20;"User_20";"user20@gmail.com";"90bfa"
21;"User_21";"user21@gmail.com";"5cddd"
22;"User_22";"user22@gmail.com";"b9974"
23;"User_23";"user23@gmail.com";"b9b09"
24;"User_24";"user24@gmail.com";"87de2"
25;"User_25";"user25@gmail.com";"41e46"
26;"User_26";"user26@gmail.com";"ea885"
27;"User_27";"user27@gmail.com";"713fd"
28;"User_28";"user28@gmail.com";"421b6"
29;"User_29";"user29@gmail.com";"6cf1c"
30;"User_30";"user30@gmail.com";"60d58"
31;"User_31";"user31@gmail.com";"d111f"
32;"User_32";"user32@gmail.com";"a0ec9"
33;"User_33";"user33@gmail.com";"7a33c"
34;"User_34";"user34@gmail.com";"9e884"
35;"User_35";"user35@gmail.com";"9c840"
36;"User_36";"user36@gmail.com";"89064"
37;"User_37";"user37@gmail.com";"3b2eb"
38;"User_38";"user38@gmail.com";"98598"
39;"User_39";"user39@gmail.com";"4cfe6"
40;"User_40";"user40@gmail.com";"a2d97"
41;"User_41";"user41@gmail.com";"081c8"
42;"User_42";"user42@gmail.com";"a1ee8"
43;"User_43";"user43@gmail.com";"48ffa"
44;"User_44";"user44@gmail.com";"bb0c5"
45;"User_45";"user45@gmail.com";"60e1d"
46;"User_46";"user46@gmail.com";"4798f"
47;"User_47";"user47@gmail.com";"7b94c"
48;"User_48";"user48@gmail.com";"2ec9a"
49;"User_49";"user49@gmail.com";"f1d2d"
50;"User_50";"user50@gmail.com";"1b543"
51;"User_51";"user51@gmail.com";"10cc7"
52;"User_52";"user52@gmail.com";"a8478"
53;"User_53";"user53@gmail.com";"a8ee9"
54;"User_54";"user54@gmail.com";"43d4e"
55;"User_55";"user55@gmail.com";"3d838"
56;"User_56";"user56@gmail.com";"2b542"
57;"User_57";"user57@gmail.com";"f64ac"
58;"User_58";"user58@gmail.com";"12910"
59;"User_59";"user59@gmail.com";"da713"
60;"User_60";"user60@gmail.com";"11c29"
61;"User_61";"user61@gmail.com";"4c351"
62;"User_62";"user62@gmail.com";"e463a"
63;"User_63";"user63@gmail.com";"dbfd1"
64;"User_64";"user64@gmail.com";"7bdfb"
65;"User_65";"user65@gmail.com";"776ef"
66;"User_66";"user66@gmail.com";"67f36"
67;"User_67";"user67@gmail.com";"29577"
68;"User_68";"user68@gmail.com";"74036"
69;"User_69";"user69@gmail.com";"2914b"
70;"User_70";"user70@gmail.com";"4aee7"
71;"User_71";"user71@gmail.com";"edf21"
72;"User_72";"user72@gmail.com";"46942"
73;"User_73";"user73@gmail.com";"40fff"
74;"User_74";"user74@gmail.com";"75e66"
75;"User_75";"user75@gmail.com";"27394"
76;"User_76";"user76@gmail.com";"9bfac"
77;"User_77";"user77@gmail.com";"c5373"
78;"User_78";"user78@gmail.com";"6259e"
79;"User_79";"user79@gmail.com";"9eb90"
80;"User_80";"user80@gmail.com";"7cb4c"
81;"User_81";"user81@gmail.com";"ec4ce"
82;"User_82";"user82@gmail.com";"3bb61"
83;"User_83";"user83@gmail.com";"171cb"
84;"User_84";"user84@gmail.com";"e7f79"
85;"User_85";"user85@gmail.com";"df57a"
86;"User_86";"user86@gmail.com";"9a0ee"
87;"User_87";"user87@gmail.com";"56cc5"
88;"User_88";"user88@gmail.com";"8f0be"
89;"User_89";"user89@gmail.com";"9b325"
90;"User_90";"user90@gmail.com";"9d4bf"
91;"User_91";"user91@gmail.com";"65141"
92;"User_92";"user92@gmail.com";"1253d"
93;"User_93";"user93@gmail.com";"55134"
94;"User_94";"user94@gmail.com";"e42cd"
95;"User_95";"user95@gmail.com";"52cd5"
96;"User_96";"user96@gmail.com";"27eab"
97;"User_97";"user97@gmail.com";"228cc"
98;"User_98";"user98@gmail.com";"cf8f5"
99;"User_99";"user99@gmail.com";"0c4f5"
100;"User_100";"user100@gmail.com";"2a6fb"
101;"User_101";"user101@gmail.com";"8be94"
102;"User_102";"user102@gmail.com";"6c98e"
103;"User_103";"user103@gmail.com";"9a081"
104;"User_104";"user104@gmail.com";"15b1a"
105;"User_105";"user105@gmail.com";"8dca3"
106;"User_106";"user106@gmail.com";"287f5"
107;"User_107";"user107@gmail.com";"1c081"
108;"User_108";"user108@gmail.com";"4f80b"
109;"User_109";"user109@gmail.com";"98e8d"
110;"User_110";"user110@gmail.com";"48de6"
111;"User_111";"user111@gmail.com";"d2feb"
112;"User_112";"user112@gmail.com";"02af9"
113;"User_113";"user113@gmail.com";"9f750"
114;"User_114";"user114@gmail.com";"a1611"
115;"User_115";"user115@gmail.com";"ddc30"
116;"User_116";"user116@gmail.com";"4628d"
117;"User_117";"user117@gmail.com";"107ef"
118;"User_118";"user118@gmail.com";"b8082"
119;"User_119";"user119@gmail.com";"e1b1c"
120;"User_120";"user120@gmail.com";"6160d"
121;"User_121";"user121@gmail.com";"1b6df"
122;"User_122";"user122@gmail.com";"07c42"
123;"User_123";"user123@gmail.com";"32250"
124;"User_124";"user124@gmail.com";"aa0eb"
125;"User_125";"user125@gmail.com";"7ad3c"
126;"User_126";"user126@gmail.com";"c6e8f"
127;"User_127";"user127@gmail.com";"6f82a"
128;"User_128";"user128@gmail.com";"8f5dc"
129;"User_129";"user129@gmail.com";"7e7a3"
130;"User_130";"user130@gmail.com";"e0109"
131;"User_131";"user131@gmail.com";"88691"
132;"User_132";"user132@gmail.com";"b113f"
133;"User_133";"user133@gmail.com";"1e6f8"
134;"User_134";"user134@gmail.com";"0b904"
135;"User_135";"user135@gmail.com";"db1e0"
136;"User_136";"user136@gmail.com";"c6712"
137;"User_137";"user137@gmail.com";"f9ce7"
138;"User_138";"user138@gmail.com";"7ac21"
139;"User_139";"user139@gmail.com";"4d78e"
140;"User_140";"user140@gmail.com";"bef90"
141;"User_141";"user141@gmail.com";"bf604"
142;"User_142";"user142@gmail.com";"dfd70"
143;"User_143";"user143@gmail.com";"3ed98"
144;"User_144";"user144@gmail.com";"863ab"
145;"User_145";"user145@gmail.com";"e69e6"
146;"User_146";"user146@gmail.com";"b7da1"
147;"User_147";"user147@gmail.com";"12a78"
148;"User_148";"user148@gmail.com";"2ca5c"
149;"User_149";"user149@gmail.com";"508bb"
150;"User_150";"user150@gmail.com";"6540c"
151;"User_151";"user151@gmail.com";"bb1f4"
152;"User_152";"user152@gmail.com";"2a2b4"
153;"User_153";"user153@gmail.com";"90a32"
154;"User_154";"user154@gmail.com";"a7002"
155;"User_155";"user155@gmail.com";"462f6"
156;"User_156";"user156@gmail.com";"12672"
157;"User_157";"user157@gmail.com";"a7818"
158;"User_158";"user158@gmail.com";"53b61"
159;"User_159";"user159@gmail.com";"54854"
160;"User_160";"user160@gmail.com";"6a6b0"
161;"User_161";"user161@gmail.com";"a20ed"
162;"User_162";"user162@gmail.com";"521a4"
163;"User_163";"user163@gmail.com";"d9855"
164;"User_164";"user164@gmail.com";"b7ac4"
165;"User_165";"user165@gmail.com";"442ad"
166;"User_166";"user166@gmail.com";"efc7f"
167;"User_167";"user167@gmail.com";"b20e1"
168;"User_168";"user168@gmail.com";"d544e"
169;"User_169";"user169@gmail.com";"fe9aa"
170;"User_170";"user170@gmail.com";"ae1b7"
171;"User_171";"user171@gmail.com";"e8300"
172;"User_172";"user172@gmail.com";"6ebe6"
173;"User_173";"user173@gmail.com";"e6d91"
174;"User_174";"user174@gmail.com";"745d8"
175;"User_175";"user175@gmail.com";"c9203"
176;"User_176";"user176@gmail.com";"5e011"
177;"User_177";"user177@gmail.com";"a02ba"
178;"User_178";"user178@gmail.com";"12a05"
179;"User_179";"user179@gmail.com";"2979a"
180;"User_180";"user180@gmail.com";"278ba"
181;"User_181";"user181@gmail.com";"5399c"
182;"User_182";"user182@gmail.com";"148a9"
183;"User_183";"user183@gmail.com";"a7fc5"
184;"User_184";"user184@gmail.com";"416f6"
185;"User_185";"user185@gmail.com";"2f566"
186;"User_186";"user186@gmail.com";"bb7f3"
187;"User_187";"user187@gmail.com";"75f3c"
188;"User_188";"user188@gmail.com";"800eb"
189;"User_189";"user189@gmail.com";"1d9e7"
190;"User_190";"user190@gmail.com";"f87e1"
191;"User_191";"user191@gmail.com";"d7ffe"
192;"User_192";"user192@gmail.com";"cfa8d"
193;"User_193";"user193@gmail.com";"a4856"
194;"User_194";"user194@gmail.com";"535a3"
195;"User_195";"user195@gmail.com";"5bcad"
196;"User_196";"user196@gmail.com";"64593"
197;"User_197";"user197@gmail.com";"ff5a1"
198;"User_198";"user198@gmail.com";"e2fde"
199;"User_199";"user199@gmail.com";"05cae"
200;"User_200";"user200@gmail.com";"a58ed"
201;"User_201";"user201@gmail.com";"bc7fd"
202;"User_202";"user202@gmail.com";"21660"
203;"User_203";"user203@gmail.com";"f0bbc"
204;"User_204";"user204@gmail.com";"350b1"
205;"User_205";"user205@gmail.com";"8287c"
206;"User_206";"user206@gmail.com";"4b554"
207;"User_207";"user207@gmail.com";"f3d7c"
208;"User_208";"user208@gmail.com";"a9c7c"
209;"User_209";"user209@gmail.com";"87542"
210;"User_210";"user210@gmail.com";"ced50"
211;"User_211";"user211@gmail.com";"9dc95"
212;"User_212";"user212@gmail.com";"ab9b2"
213;"User_213";"user213@gmail.com";"bf5de"
214;"User_214";"user214@gmail.com";"8af4b"
215;"User_215";"user215@gmail.com";"18a69"
216;"User_216";"user216@gmail.com";"8c8cf"
217;"User_217";"user217@gmail.com";"4bb10"
218;"User_218";"user218@gmail.com";"d9232"
219;"User_219";"user219@gmail.com";"7fe92"
220;"User_220";"user220@gmail.com";"64492"
221;"User_221";"user221@gmail.com";"813e5"
222;"User_222";"user222@gmail.com";"82793"
223;"User_223";"user223@gmail.com";"c366b"
224;"User_224";"user224@gmail.com";"65704"
225;"User_225";"user225@gmail.com";"def43"
226;"User_226";"user226@gmail.com";"1ad9a"
227;"User_227";"user227@gmail.com";"c1948"
228;"User_228";"user228@gmail.com";"b458d"
229;"User_229";"user229@gmail.com";"27d8f"
230;"User_230";"user230@gmail.com";"c05ec"
231;"User_231";"user231@gmail.com";"58a5f"
232;"User_232";"user232@gmail.com";"1814e"
233;"User_233";"user233@gmail.com";"ab75e"
234;"User_234";"user234@gmail.com";"deff6"
235;"User_235";"user235@gmail.com";"7a162"
236;"User_236";"user236@gmail.com";"6b886"
237;"User_237";"user237@gmail.com";"5a551"
238;"User_238";"user238@gmail.com";"1a115"
239;"User_239";"user239@gmail.com";"85c36"
240;"User_240";"user240@gmail.com";"5c0ea"
241;"User_241";"user241@gmail.com";"2fc49"
242;"User_242";"user242@gmail.com";"6cf19"
243;"User_243";"user243@gmail.com";"0f158"
244;"User_244";"user244@gmail.com";"8cea9"
245;"User_245";"user245@gmail.com";"c5f50"
246;"User_246";"user246@gmail.com";"a754c"
247;"User_247";"user247@gmail.com";"a4ab8"
248;"User_248";"user248@gmail.com";"c90fb"
249;"User_249";"user249@gmail.com";"5c3e0"
250;"User_250";"user250@gmail.com";"8bcac"
251;"User_251";"user251@gmail.com";"ed5b9"
252;"User_252";"user252@gmail.com";"507a1"
253;"User_253";"user253@gmail.com";"47acd"
254;"User_254";"user254@gmail.com";"bfa9c"
255;"User_255";"user255@gmail.com";"fc8c0"
256;"User_256";"user256@gmail.com";"cf6be"
257;"User_257";"user257@gmail.com";"84eaa"
258;"User_258";"user258@gmail.com";"8474e"
259;"User_259";"user259@gmail.com";"2949d"
260;"User_260";"user260@gmail.com";"97b51"
261;"User_261";"user261@gmail.com";"cd02b"
262;"User_262";"user262@gmail.com";"48775"
263;"User_263";"user263@gmail.com";"827b1"
264;"User_264";"user264@gmail.com";"8503f"
265;"User_265";"user265@gmail.com";"ee853"
266;"User_266";"user266@gmail.com";"ca44e"
267;"User_267";"user267@gmail.com";"a89d9"
268;"User_268";"user268@gmail.com";"cf090"
269;"User_269";"user269@gmail.com";"184bb"
270;"User_270";"user270@gmail.com";"fb0ea"
271;"User_271";"user271@gmail.com";"c8bc0"
272;"User_272";"user272@gmail.com";"a2eb9"
273;"User_273";"user273@gmail.com";"ead6d"
274;"User_274";"user274@gmail.com";"8fc43"
275;"User_275";"user275@gmail.com";"912ed"
276;"User_276";"user276@gmail.com";"9566e"
277;"User_277";"user277@gmail.com";"4c1b5"
278;"User_278";"user278@gmail.com";"a8b6d"
279;"User_279";"user279@gmail.com";"18193"
280;"User_280";"user280@gmail.com";"09a1b"
281;"User_281";"user281@gmail.com";"7e3e9"
282;"User_282";"user282@gmail.com";"1f46f"
283;"User_283";"user283@gmail.com";"86018"
284;"User_284";"user284@gmail.com";"dd63d"
285;"User_285";"user285@gmail.com";"16b46"
286;"User_286";"user286@gmail.com";"86c96"
287;"User_287";"user287@gmail.com";"9bc50"
288;"User_288";"user288@gmail.com";"7a584"
289;"User_289";"user289@gmail.com";"29e8d"
290;"User_290";"user290@gmail.com";"be4f6"
291;"User_291";"user291@gmail.com";"b364f"
292;"User_292";"user292@gmail.com";"a26c3"
293;"User_293";"user293@gmail.com";"ae95b"
294;"User_294";"user294@gmail.com";"c5b10"
295;"User_295";"user295@gmail.com";"0c5f7"
296;"User_296";"user296@gmail.com";"bbc7d"
297;"User_297";"user297@gmail.com";"cabf3"
298;"User_298";"user298@gmail.com";"d2bc2"
299;"User_299";"user299@gmail.com";"84f8a"
300;"User_300";"user300@gmail.com";"c652f"
301;"User_301";"user301@gmail.com";"29c01"
302;"User_302";"user302@gmail.com";"f41c0"
303;"User_303";"user303@gmail.com";"83ed7"
304;"User_304";"user304@gmail.com";"5b44f"
305;"User_305";"user305@gmail.com";"e03f0"
306;"User_306";"user306@gmail.com";"890e7"
307;"User_307";"user307@gmail.com";"868f6"
308;"User_308";"user308@gmail.com";"a0c13"
309;"User_309";"user309@gmail.com";"dc81e"
310;"User_310";"user310@gmail.com";"e0a67"
311;"User_311";"user311@gmail.com";"0258a"
312;"User_312";"user312@gmail.com";"c230a"
313;"User_313";"user313@gmail.com";"9bf56"
314;"User_314";"user314@gmail.com";"13eba"
315;"User_315";"user315@gmail.com";"29394"
316;"User_316";"user316@gmail.com";"ed2e0"
317;"User_317";"user317@gmail.com";"fed9e"
318;"User_318";"user318@gmail.com";"d9495"
319;"User_319";"user319@gmail.com";"7b6ce"
320;"User_320";"user320@gmail.com";"3b614"
321;"User_321";"user321@gmail.com";"7b8fe"
322;"User_322";"user322@gmail.com";"acb59"
323;"User_323";"user323@gmail.com";"bdbc4"
324;"User_324";"user324@gmail.com";"e171b"
325;"User_325";"user325@gmail.com";"b774c"
326;"User_326";"user326@gmail.com";"fe112"
327;"User_327";"user327@gmail.com";"ce531"
328;"User_328";"user328@gmail.com";"b95eb"
329;"User_329";"user329@gmail.com";"330ec"
330;"User_330";"user330@gmail.com";"846e8"
331;"User_331";"user331@gmail.com";"dc4d0"
332;"User_332";"user332@gmail.com";"e5060"
333;"User_333";"user333@gmail.com";"b3ed4"
334;"User_334";"user334@gmail.com";"0a77a"
335;"User_335";"user335@gmail.com";"135b5"
336;"User_336";"user336@gmail.com";"fc901"
337;"User_337";"user337@gmail.com";"0bdfe"
338;"User_338";"user338@gmail.com";"23718"
339;"User_339";"user339@gmail.com";"52dd8"
340;"User_340";"user340@gmail.com";"948e0"
341;"User_341";"user341@gmail.com";"372e6"
342;"User_342";"user342@gmail.com";"9ad7d"
343;"User_343";"user343@gmail.com";"1d3b0"
344;"User_344";"user344@gmail.com";"b68a2"
345;"User_345";"user345@gmail.com";"ce7c7"
346;"User_346";"user346@gmail.com";"43ee2"
347;"User_347";"user347@gmail.com";"45700"
348;"User_348";"user348@gmail.com";"fa205"
349;"User_349";"user349@gmail.com";"94c23"
350;"User_350";"user350@gmail.com";"619f0"
351;"User_351";"user351@gmail.com";"ca21c"
352;"User_352";"user352@gmail.com";"28675"
353;"User_353";"user353@gmail.com";"ce105"
354;"User_354";"user354@gmail.com";"00beb"
355;"User_355";"user355@gmail.com";"83030"
356;"User_356";"user356@gmail.com";"a4b0b"
357;"User_357";"user357@gmail.com";"b8d2f"
358;"User_358";"user358@gmail.com";"fdfeb"
359;"User_359";"user359@gmail.com";"b27a2"
360;"User_360";"user360@gmail.com";"9179c"
361;"User_361";"user361@gmail.com";"aeff7"
362;"User_362";"user362@gmail.com";"0387c"
363;"User_363";"user363@gmail.com";"c2c01"
364;"User_364";"user364@gmail.com";"6749e"
365;"User_365";"user365@gmail.com";"181ed"
366;"User_366";"user366@gmail.com";"74320"
367;"User_367";"user367@gmail.com";"723b7"
368;"User_368";"user368@gmail.com";"7d13d"
369;"User_369";"user369@gmail.com";"c09b5"
370;"User_370";"user370@gmail.com";"a5b5d"
371;"User_371";"user371@gmail.com";"ed2ca"
372;"User_372";"user372@gmail.com";"84079"
373;"User_373";"user373@gmail.com";"a08c5"
374;"User_374";"user374@gmail.com";"5f156"
375;"User_375";"user375@gmail.com";"9e717"
376;"User_376";"user376@gmail.com";"2d5da"
377;"User_377";"user377@gmail.com";"60d35"
378;"User_378";"user378@gmail.com";"a4451"
379;"User_379";"user379@gmail.com";"89d63"
380;"User_380";"user380@gmail.com";"b9d27"
381;"User_381";"user381@gmail.com";"889e3"
382;"User_382";"user382@gmail.com";"d0f53"
383;"User_383";"user383@gmail.com";"cb804"
384;"User_384";"user384@gmail.com";"b9e23"
385;"User_385";"user385@gmail.com";"88415"
386;"User_386";"user386@gmail.com";"96cce"
387;"User_387";"user387@gmail.com";"2d73c"
388;"User_388";"user388@gmail.com";"9179b"
389;"User_389";"user389@gmail.com";"25261"
390;"User_390";"user390@gmail.com";"dbaa8"
391;"User_391";"user391@gmail.com";"6c1c8"
392;"User_392";"user392@gmail.com";"56853"
393;"User_393";"user393@gmail.com";"8d2d1"
394;"User_394";"user394@gmail.com";"33622"
395;"User_395";"user395@gmail.com";"ee4b9"
396;"User_396";"user396@gmail.com";"d6f76"
397;"User_397";"user397@gmail.com";"f3258"
398;"User_398";"user398@gmail.com";"17ec3"
399;"User_399";"user399@gmail.com";"64426"
400;"User_400";"user400@gmail.com";"fd738"
401;"User_401";"user401@gmail.com";"e662e"
402;"User_402";"user402@gmail.com";"cd9c1"
403;"User_403";"user403@gmail.com";"08794"
404;"User_404";"user404@gmail.com";"a2135"
405;"User_405";"user405@gmail.com";"6dbe2"
406;"User_406";"user406@gmail.com";"f9bf2"
407;"User_407";"user407@gmail.com";"3059b"
408;"User_408";"user408@gmail.com";"2680a"
409;"User_409";"user409@gmail.com";"d3b9f"
410;"User_410";"user410@gmail.com";"4345b"
411;"User_411";"user411@gmail.com";"a33b5"
412;"User_412";"user412@gmail.com";"f13bb"
413;"User_413";"user413@gmail.com";"166c7"
414;"User_414";"user414@gmail.com";"40952"
415;"User_415";"user415@gmail.com";"bfa91"
416;"User_416";"user416@gmail.com";"00955"
417;"User_417";"user417@gmail.com";"13179"
418;"User_418";"user418@gmail.com";"2723d"
419;"User_419";"user419@gmail.com";"b6f71"
420;"User_420";"user420@gmail.com";"b2284"
421;"User_421";"user421@gmail.com";"e7818"
422;"User_422";"user422@gmail.com";"3ce39"
423;"User_423";"user423@gmail.com";"74f41"
424;"User_424";"user424@gmail.com";"9d89a"
425;"User_425";"user425@gmail.com";"f0eed"
426;"User_426";"user426@gmail.com";"6c99a"
427;"User_427";"user427@gmail.com";"25748"
428;"User_428";"user428@gmail.com";"48d39"
429;"User_429";"user429@gmail.com";"62929"
430;"User_430";"user430@gmail.com";"c02e1"
431;"User_431";"user431@gmail.com";"89884"
432;"User_432";"user432@gmail.com";"d4328"
433;"User_433";"user433@gmail.com";"c0f90"
434;"User_434";"user434@gmail.com";"111f3"
435;"User_435";"user435@gmail.com";"d6454"
436;"User_436";"user436@gmail.com";"8efc3"
437;"User_437";"user437@gmail.com";"04c65"
438;"User_438";"user438@gmail.com";"39458"
439;"User_439";"user439@gmail.com";"8406f"
440;"User_440";"user440@gmail.com";"65ece"
441;"User_441";"user441@gmail.com";"4c529"
442;"User_442";"user442@gmail.com";"b701f"
443;"User_443";"user443@gmail.com";"e5f7f"
444;"User_444";"user444@gmail.com";"60dfb"
445;"User_445";"user445@gmail.com";"0acca"
446;"User_446";"user446@gmail.com";"db5bb"
447;"User_447";"user447@gmail.com";"0d580"
448;"User_448";"user448@gmail.com";"50e68"
449;"User_449";"user449@gmail.com";"1a02a"
450;"User_450";"user450@gmail.com";"e5b1f"
451;"User_451";"user451@gmail.com";"79feb"
452;"User_452";"user452@gmail.com";"993fe"
453;"User_453";"user453@gmail.com";"60dc6"
454;"User_454";"user454@gmail.com";"812df"
455;"User_455";"user455@gmail.com";"b3a04"
456;"User_456";"user456@gmail.com";"73a05"
457;"User_457";"user457@gmail.com";"220bb"
458;"User_458";"user458@gmail.com";"944d6"
459;"User_459";"user459@gmail.com";"15b46"
460;"User_460";"user460@gmail.com";"7a037"
461;"User_461";"user461@gmail.com";"e8584"
462;"User_462";"user462@gmail.com";"aea7a"
463;"User_463";"user463@gmail.com";"8782c"
464;"User_464";"user464@gmail.com";"f8023"
465;"User_465";"user465@gmail.com";"35120"
466;"User_466";"user466@gmail.com";"f07ac"
467;"User_467";"user467@gmail.com";"4436b"
468;"User_468";"user468@gmail.com";"6a460"
469;"User_469";"user469@gmail.com";"c0bf6"
470;"User_470";"user470@gmail.com";"3af1f"
471;"User_471";"user471@gmail.com";"a39d5"
472;"User_472";"user472@gmail.com";"88c18"
473;"User_473";"user473@gmail.com";"eef1b"
474;"User_474";"user474@gmail.com";"ca600"
475;"User_475";"user475@gmail.com";"a51f6"
476;"User_476";"user476@gmail.com";"5263a"
477;"User_477";"user477@gmail.com";"2aa6e"
478;"User_478";"user478@gmail.com";"082be"
479;"User_479";"user479@gmail.com";"3e079"
480;"User_480";"user480@gmail.com";"908d0"
481;"User_481";"user481@gmail.com";"6f634"
482;"User_482";"user482@gmail.com";"8a48d"
483;"User_483";"user483@gmail.com";"0406a"
484;"User_484";"user484@gmail.com";"613e3"
485;"User_485";"user485@gmail.com";"b0d7c"
486;"User_486";"user486@gmail.com";"254c9"
487;"User_487";"user487@gmail.com";"456b0"
488;"User_488";"user488@gmail.com";"efeb0"
489;"User_489";"user489@gmail.com";"f7609"
490;"User_490";"user490@gmail.com";"e310b"
491;"User_491";"user491@gmail.com";"37e25"
492;"User_492";"user492@gmail.com";"02e9c"
493;"User_493";"user493@gmail.com";"28cc5"
494;"User_494";"user494@gmail.com";"bfc63"
495;"User_495";"user495@gmail.com";"386d9"
496;"User_496";"user496@gmail.com";"1ab10"
497;"User_497";"user497@gmail.com";"88b88"
498;"User_498";"user498@gmail.com";"d2f05"
499;"User_499";"user499@gmail.com";"45e32"
500;"User_500";"user500@gmail.com";"7280c"
501;"User_501";"user501@gmail.com";"c3bf6"
502;"User_502";"user502@gmail.com";"df6ff"
503;"User_503";"user503@gmail.com";"71765"
504;"User_504";"user504@gmail.com";"dadd5"
505;"User_505";"user505@gmail.com";"baf01"
506;"User_506";"user506@gmail.com";"8ec3d"
507;"User_507";"user507@gmail.com";"3832d"
508;"User_508";"user508@gmail.com";"4a559"
509;"User_509";"user509@gmail.com";"caca2"
510;"User_510";"user510@gmail.com";"af070"
511;"User_511";"user511@gmail.com";"5490a"
512;"User_512";"user512@gmail.com";"4bf8e"
513;"User_513";"user513@gmail.com";"c6ad8"
514;"User_514";"user514@gmail.com";"96a01"
515;"User_515";"user515@gmail.com";"13e75"
516;"User_516";"user516@gmail.com";"add69"
517;"User_517";"user517@gmail.com";"32f20"
518;"User_518";"user518@gmail.com";"6d8ec"
519;"User_519";"user519@gmail.com";"ce80c"
520;"User_520";"user520@gmail.com";"db4ed"
521;"User_521";"user521@gmail.com";"8ca3d"
522;"User_522";"user522@gmail.com";"2adf4"
523;"User_523";"user523@gmail.com";"f5ca4"
524;"User_524";"user524@gmail.com";"1912d"
525;"User_525";"user525@gmail.com";"3e989"
526;"User_526";"user526@gmail.com";"e28d8"
527;"User_527";"user527@gmail.com";"b6ed1"
528;"User_528";"user528@gmail.com";"7fba4"
529;"User_529";"user529@gmail.com";"1f41b"
530;"User_530";"user530@gmail.com";"53a8c"
531;"User_531";"user531@gmail.com";"47b99"
532;"User_532";"user532@gmail.com";"ac950"
533;"User_533";"user533@gmail.com";"25139"
534;"User_534";"user534@gmail.com";"36e11"
535;"User_535";"user535@gmail.com";"c438e"
536;"User_536";"user536@gmail.com";"adef0"
537;"User_537";"user537@gmail.com";"90c39"
538;"User_538";"user538@gmail.com";"aa75d"
539;"User_539";"user539@gmail.com";"6d908"
540;"User_540";"user540@gmail.com";"8ef00"
541;"User_541";"user541@gmail.com";"45b88"
542;"User_542";"user542@gmail.com";"85d90"
543;"User_543";"user543@gmail.com";"ff626"
544;"User_544";"user544@gmail.com";"df6b3"
545;"User_545";"user545@gmail.com";"07dd0"
546;"User_546";"user546@gmail.com";"84f57"
547;"User_547";"user547@gmail.com";"00ada"
548;"User_548";"user548@gmail.com";"6e84c"
549;"User_549";"user549@gmail.com";"e08f4"
550;"User_550";"user550@gmail.com";"a6e43"
551;"User_551";"user551@gmail.com";"c0167"
552;"User_552";"user552@gmail.com";"9409d"
553;"User_553";"user553@gmail.com";"037f6"
554;"User_554";"user554@gmail.com";"bf0da"
555;"User_555";"user555@gmail.com";"bf5d7"
556;"User_556";"user556@gmail.com";"99d9a"
557;"User_557";"user557@gmail.com";"c0e18"
558;"User_558";"user558@gmail.com";"39fac"
559;"User_559";"user559@gmail.com";"067fa"
560;"User_560";"user560@gmail.com";"d8879"
561;"User_561";"user561@gmail.com";"4d03b"
562;"User_562";"user562@gmail.com";"dcec5"
563;"User_563";"user563@gmail.com";"80ced"
564;"User_564";"user564@gmail.com";"45595"
565;"User_565";"user565@gmail.com";"6aec9"
566;"User_566";"user566@gmail.com";"c609b"
567;"User_567";"user567@gmail.com";"6bc50"
568;"User_568";"user568@gmail.com";"eb89c"
569;"User_569";"user569@gmail.com";"0a816"
570;"User_570";"user570@gmail.com";"e02cb"
571;"User_571";"user571@gmail.com";"25e6c"
572;"User_572";"user572@gmail.com";"be385"
573;"User_573";"user573@gmail.com";"08810"
574;"User_574";"user574@gmail.com";"0f4e6"
575;"User_575";"user575@gmail.com";"d1513"
576;"User_576";"user576@gmail.com";"ca011"
577;"User_577";"user577@gmail.com";"2872f"
578;"User_578";"user578@gmail.com";"f8a6c"
579;"User_579";"user579@gmail.com";"948d2"
580;"User_580";"user580@gmail.com";"8ad9d"
581;"User_581";"user581@gmail.com";"70cc6"
582;"User_582";"user582@gmail.com";"a219e"
583;"User_583";"user583@gmail.com";"9bfc7"
584;"User_584";"user584@gmail.com";"d4788"
585;"User_585";"user585@gmail.com";"f5974"
586;"User_586";"user586@gmail.com";"b8b41"
587;"User_587";"user587@gmail.com";"5be74"
588;"User_588";"user588@gmail.com";"4685b"
589;"User_589";"user589@gmail.com";"9bf6e"
590;"User_590";"user590@gmail.com";"2c5b6"
591;"User_591";"user591@gmail.com";"029ba"
592;"User_592";"user592@gmail.com";"c8ed7"
593;"User_593";"user593@gmail.com";"b6cde"
594;"User_594";"user594@gmail.com";"19b91"
595;"User_595";"user595@gmail.com";"a06cf"
596;"User_596";"user596@gmail.com";"79909"
597;"User_597";"user597@gmail.com";"05fc7"
598;"User_598";"user598@gmail.com";"38db8"
599;"User_599";"user599@gmail.com";"6ec32"
600;"User_600";"user600@gmail.com";"097f8"
601;"User_601";"user601@gmail.com";"7c836"
602;"User_602";"user602@gmail.com";"834d3"
603;"User_603";"user603@gmail.com";"9f8d9"
604;"User_604";"user604@gmail.com";"9e919"
605;"User_605";"user605@gmail.com";"c80a1"
606;"User_606";"user606@gmail.com";"cae6c"
607;"User_607";"user607@gmail.com";"c6b41"
608;"User_608";"user608@gmail.com";"0d32c"
609;"User_609";"user609@gmail.com";"cbd37"
610;"User_610";"user610@gmail.com";"07a2b"
611;"User_611";"user611@gmail.com";"51a42"
612;"User_612";"user612@gmail.com";"257bd"
613;"User_613";"user613@gmail.com";"f6615"
614;"User_614";"user614@gmail.com";"ccf17"
615;"User_615";"user615@gmail.com";"217fc"
616;"User_616";"user616@gmail.com";"a02ec"
617;"User_617";"user617@gmail.com";"af5e4"
618;"User_618";"user618@gmail.com";"30691"
619;"User_619";"user619@gmail.com";"8c8e1"
620;"User_620";"user620@gmail.com";"09edb"
621;"User_621";"user621@gmail.com";"0309e"
622;"User_622";"user622@gmail.com";"1ff8c"
623;"User_623";"user623@gmail.com";"94b11"
624;"User_624";"user624@gmail.com";"7bf3f"
625;"User_625";"user625@gmail.com";"ef80e"
626;"User_626";"user626@gmail.com";"0c329"
627;"User_627";"user627@gmail.com";"0faff"
628;"User_628";"user628@gmail.com";"60498"
629;"User_629";"user629@gmail.com";"80e82"
630;"User_630";"user630@gmail.com";"255a7"
631;"User_631";"user631@gmail.com";"246f8"
632;"User_632";"user632@gmail.com";"96bfc"
633;"User_633";"user633@gmail.com";"0cc53"
634;"User_634";"user634@gmail.com";"c9164"
635;"User_635";"user635@gmail.com";"86cb8"
636;"User_636";"user636@gmail.com";"53804"
637;"User_637";"user637@gmail.com";"57c51"
638;"User_638";"user638@gmail.com";"746b8"
639;"User_639";"user639@gmail.com";"b3b1e"
640;"User_640";"user640@gmail.com";"6ac0d"
641;"User_641";"user641@gmail.com";"66887"
642;"User_642";"user642@gmail.com";"7a5f6"
643;"User_643";"user643@gmail.com";"c124a"
644;"User_644";"user644@gmail.com";"b4e05"
645;"User_645";"user645@gmail.com";"fec49"
646;"User_646";"user646@gmail.com";"69777"
647;"User_647";"user647@gmail.com";"7de1c"
648;"User_648";"user648@gmail.com";"ee756"
649;"User_649";"user649@gmail.com";"8806f"
650;"User_650";"user650@gmail.com";"17227"
651;"User_651";"user651@gmail.com";"ac2e9"
652;"User_652";"user652@gmail.com";"84eed"
653;"User_653";"user653@gmail.com";"a2d10"
654;"User_654";"user654@gmail.com";"30373"
655;"User_655";"user655@gmail.com";"30288"
656;"User_656";"user656@gmail.com";"c3971"
657;"User_657";"user657@gmail.com";"62949"
658;"User_658";"user658@gmail.com";"10af7"
659;"User_659";"user659@gmail.com";"f704f"
660;"User_660";"user660@gmail.com";"42887"
661;"User_661";"user661@gmail.com";"c80d2"
662;"User_662";"user662@gmail.com";"9eb2c"
663;"User_663";"user663@gmail.com";"9db96"
664;"User_664";"user664@gmail.com";"ce9dd"
665;"User_665";"user665@gmail.com";"56336"
666;"User_666";"user666@gmail.com";"68d37"
667;"User_667";"user667@gmail.com";"414e0"
668;"User_668";"user668@gmail.com";"c7d85"
669;"User_669";"user669@gmail.com";"a7d73"
670;"User_670";"user670@gmail.com";"d90cb"
671;"User_671";"user671@gmail.com";"c8ae1"
672;"User_672";"user672@gmail.com";"f88cf"
673;"User_673";"user673@gmail.com";"c7d46"
674;"User_674";"user674@gmail.com";"b1342"
675;"User_675";"user675@gmail.com";"c34b0"
676;"User_676";"user676@gmail.com";"6f73a"
677;"User_677";"user677@gmail.com";"bc730"
678;"User_678";"user678@gmail.com";"b94d1"
679;"User_679";"user679@gmail.com";"2d03a"
680;"User_680";"user680@gmail.com";"b7d13"
681;"User_681";"user681@gmail.com";"91c44"
682;"User_682";"user682@gmail.com";"604ab"
683;"User_683";"user683@gmail.com";"d525e"
684;"User_684";"user684@gmail.com";"172c0"
685;"User_685";"user685@gmail.com";"2ec88"
686;"User_686";"user686@gmail.com";"39001"
687;"User_687";"user687@gmail.com";"489f1"
688;"User_688";"user688@gmail.com";"631e2"
689;"User_689";"user689@gmail.com";"5cc84"
690;"User_690";"user690@gmail.com";"ffc8a"
691;"User_691";"user691@gmail.com";"663c8"
692;"User_692";"user692@gmail.com";"4d163"
693;"User_693";"user693@gmail.com";"53002"
694;"User_694";"user694@gmail.com";"5d0a0"
695;"User_695";"user695@gmail.com";"64a6e"
696;"User_696";"user696@gmail.com";"a0f86"
697;"User_697";"user697@gmail.com";"a6e05"
698;"User_698";"user698@gmail.com";"e5897"
699;"User_699";"user699@gmail.com";"8b40f"
700;"User_700";"user700@gmail.com";"270f4"
701;"User_701";"user701@gmail.com";"0aafc"
702;"User_702";"user702@gmail.com";"527ae"
703;"User_703";"user703@gmail.com";"d61fe"
704;"User_704";"user704@gmail.com";"585d5"
705;"User_705";"user705@gmail.com";"ff917"
706;"User_706";"user706@gmail.com";"6e23c"
707;"User_707";"user707@gmail.com";"aaee9"
708;"User_708";"user708@gmail.com";"3feae"
709;"User_709";"user709@gmail.com";"a9916"
710;"User_710";"user710@gmail.com";"cb222"
711;"User_711";"user711@gmail.com";"214dd"
712;"User_712";"user712@gmail.com";"6591f"
713;"User_713";"user713@gmail.com";"2e6b9"
714;"User_714";"user714@gmail.com";"a424c"
715;"User_715";"user715@gmail.com";"4c239"
716;"User_716";"user716@gmail.com";"54099"
717;"User_717";"user717@gmail.com";"9f776"
718;"User_718";"user718@gmail.com";"b33c4"
719;"User_719";"user719@gmail.com";"83f43"
720;"User_720";"user720@gmail.com";"143a6"
721;"User_721";"user721@gmail.com";"e8ef4"
722;"User_722";"user722@gmail.com";"cf666"
723;"User_723";"user723@gmail.com";"017ae"
724;"User_724";"user724@gmail.com";"12ac2"
725;"User_725";"user725@gmail.com";"6148e"
726;"User_726";"user726@gmail.com";"bd7ee"
727;"User_727";"user727@gmail.com";"f4026"
728;"User_728";"user728@gmail.com";"5c6a8"
729;"User_729";"user729@gmail.com";"62a65"
730;"User_730";"user730@gmail.com";"fc1c0"
731;"User_731";"user731@gmail.com";"5c30f"
732;"User_732";"user732@gmail.com";"e9028"
733;"User_733";"user733@gmail.com";"1a84f"
734;"User_734";"user734@gmail.com";"e794c"
735;"User_735";"user735@gmail.com";"9beb6"
736;"User_736";"user736@gmail.com";"f0aed"
737;"User_737";"user737@gmail.com";"ab722"
738;"User_738";"user738@gmail.com";"5f536"
739;"User_739";"user739@gmail.com";"061aa"
740;"User_740";"user740@gmail.com";"bb5d5"
741;"User_741";"user741@gmail.com";"c4a8f"
742;"User_742";"user742@gmail.com";"3608c"
743;"User_743";"user743@gmail.com";"108d4"
744;"User_744";"user744@gmail.com";"4b017"
745;"User_745";"user745@gmail.com";"0f57b"
746;"User_746";"user746@gmail.com";"82a2d"
747;"User_747";"user747@gmail.com";"b17e6"
748;"User_748";"user748@gmail.com";"2a5b5"
749;"User_749";"user749@gmail.com";"b3b14"
750;"User_750";"user750@gmail.com";"2af97"
751;"User_751";"user751@gmail.com";"08b36"
752;"User_752";"user752@gmail.com";"1127b"
753;"User_753";"user753@gmail.com";"06212"
754;"User_754";"user754@gmail.com";"c93b5"
755;"User_755";"user755@gmail.com";"6dec5"
756;"User_756";"user756@gmail.com";"95cfa"
757;"User_757";"user757@gmail.com";"8fb1c"
758;"User_758";"user758@gmail.com";"2a340"
759;"User_759";"user759@gmail.com";"28d01"
760;"User_760";"user760@gmail.com";"65ba9"
761;"User_761";"user761@gmail.com";"1bdf4"
762;"User_762";"user762@gmail.com";"6578e"
763;"User_763";"user763@gmail.com";"7deaf"
764;"User_764";"user764@gmail.com";"e348b"
765;"User_765";"user765@gmail.com";"34bee"
766;"User_766";"user766@gmail.com";"dc0bd"
767;"User_767";"user767@gmail.com";"16bcf"
768;"User_768";"user768@gmail.com";"c7648"
769;"User_769";"user769@gmail.com";"e1036"
770;"User_770";"user770@gmail.com";"f05fa"
771;"User_771";"user771@gmail.com";"3fd49"
772;"User_772";"user772@gmail.com";"468e4"
773;"User_773";"user773@gmail.com";"14253"
774;"User_774";"user774@gmail.com";"c201f"
775;"User_775";"user775@gmail.com";"f5ef7"
776;"User_776";"user776@gmail.com";"88444"
777;"User_777";"user777@gmail.com";"2eb33"
778;"User_778";"user778@gmail.com";"6b02b"
779;"User_779";"user779@gmail.com";"a99ca"
780;"User_780";"user780@gmail.com";"cab9b"
781;"User_781";"user781@gmail.com";"fb527"
782;"User_782";"user782@gmail.com";"fad0d"
783;"User_783";"user783@gmail.com";"5de35"
784;"User_784";"user784@gmail.com";"1a383"
785;"User_785";"user785@gmail.com";"5c3cc"
786;"User_786";"user786@gmail.com";"e72cb"
787;"User_787";"user787@gmail.com";"dac7f"
788;"User_788";"user788@gmail.com";"f0ec2"
789;"User_789";"user789@gmail.com";"ba1b5"
790;"User_790";"user790@gmail.com";"733e0"
791;"User_791";"user791@gmail.com";"57ef5"
792;"User_792";"user792@gmail.com";"29542"
793;"User_793";"user793@gmail.com";"6e6b5"
794;"User_794";"user794@gmail.com";"e0334"
795;"User_795";"user795@gmail.com";"8e039"
796;"User_796";"user796@gmail.com";"f2cab"
797;"User_797";"user797@gmail.com";"3279b"
798;"User_798";"user798@gmail.com";"ba4e3"
799;"User_799";"user799@gmail.com";"c15f0"
800;"User_800";"user800@gmail.com";"0b6fa"
801;"User_801";"user801@gmail.com";"2f512"
802;"User_802";"user802@gmail.com";"b49cb"
803;"User_803";"user803@gmail.com";"d3cb4"
804;"User_804";"user804@gmail.com";"b75bb"
805;"User_805";"user805@gmail.com";"a2a3f"
806;"User_806";"user806@gmail.com";"5b9bf"
807;"User_807";"user807@gmail.com";"0315a"
808;"User_808";"user808@gmail.com";"23459"
809;"User_809";"user809@gmail.com";"230cf"
810;"User_810";"user810@gmail.com";"a5810"
811;"User_811";"user811@gmail.com";"4d6eb"
812;"User_812";"user812@gmail.com";"3003d"
813;"User_813";"user813@gmail.com";"bc918"
814;"User_814";"user814@gmail.com";"db242"
815;"User_815";"user815@gmail.com";"67246"
816;"User_816";"user816@gmail.com";"ab329"
817;"User_817";"user817@gmail.com";"089f3"
818;"User_818";"user818@gmail.com";"0bb43"
819;"User_819";"user819@gmail.com";"7c240"
820;"User_820";"user820@gmail.com";"1e11d"
821;"User_821";"user821@gmail.com";"1dc8e"
822;"User_822";"user822@gmail.com";"9f74a"
823;"User_823";"user823@gmail.com";"a3dfa"
824;"User_824";"user824@gmail.com";"989b6"
825;"User_825";"user825@gmail.com";"850ec"
826;"User_826";"user826@gmail.com";"eefe4"
827;"User_827";"user827@gmail.com";"a5e85"
828;"User_828";"user828@gmail.com";"546dc"
829;"User_829";"user829@gmail.com";"1e184"
830;"User_830";"user830@gmail.com";"4bd36"
831;"User_831";"user831@gmail.com";"b8a45"
832;"User_832";"user832@gmail.com";"f9beb"
833;"User_833";"user833@gmail.com";"9ced8"
834;"User_834";"user834@gmail.com";"10f2c"
835;"User_835";"user835@gmail.com";"67682"
836;"User_836";"user836@gmail.com";"e6b36"
837;"User_837";"user837@gmail.com";"ec0de"
838;"User_838";"user838@gmail.com";"33ec3"
839;"User_839";"user839@gmail.com";"ce9c7"
840;"User_840";"user840@gmail.com";"cf337"
841;"User_841";"user841@gmail.com";"5d351"
842;"User_842";"user842@gmail.com";"0d9f4"
843;"User_843";"user843@gmail.com";"8f4ea"
844;"User_844";"user844@gmail.com";"20f63"
845;"User_845";"user845@gmail.com";"d4143"
846;"User_846";"user846@gmail.com";"73521"
847;"User_847";"user847@gmail.com";"d0547"
848;"User_848";"user848@gmail.com";"d6a2b"
849;"User_849";"user849@gmail.com";"e880c"
850;"User_850";"user850@gmail.com";"20d73"
851;"User_851";"user851@gmail.com";"91170"
852;"User_852";"user852@gmail.com";"3de75"
853;"User_853";"user853@gmail.com";"b4699"
854;"User_854";"user854@gmail.com";"2fcd6"
855;"User_855";"user855@gmail.com";"6c297"
856;"User_856";"user856@gmail.com";"d1b21"
857;"User_857";"user857@gmail.com";"57934"
858;"User_858";"user858@gmail.com";"09ba6"
859;"User_859";"user859@gmail.com";"360b1"
860;"User_860";"user860@gmail.com";"d3ae0"
861;"User_861";"user861@gmail.com";"e334c"
862;"User_862";"user862@gmail.com";"b7527"
863;"User_863";"user863@gmail.com";"c69aa"
864;"User_864";"user864@gmail.com";"ab2ab"
865;"User_865";"user865@gmail.com";"d50bf"
866;"User_866";"user866@gmail.com";"0e88b"
867;"User_867";"user867@gmail.com";"a7582"
868;"User_868";"user868@gmail.com";"dd004"
869;"User_869";"user869@gmail.com";"55e1b"
870;"User_870";"user870@gmail.com";"94d6c"
871;"User_871";"user871@gmail.com";"ac6b4"
872;"User_872";"user872@gmail.com";"f9194"
873;"User_873";"user873@gmail.com";"830d6"
874;"User_874";"user874@gmail.com";"fd0f6"
875;"User_875";"user875@gmail.com";"9b6e1"
876;"User_876";"user876@gmail.com";"5d7c8"
877;"User_877";"user877@gmail.com";"4a907"
878;"User_878";"user878@gmail.com";"3914a"
879;"User_879";"user879@gmail.com";"c00e3"
880;"User_880";"user880@gmail.com";"137ce"
881;"User_881";"user881@gmail.com";"d3614"
882;"User_882";"user882@gmail.com";"0a0b9"
883;"User_883";"user883@gmail.com";"74485"
884;"User_884";"user884@gmail.com";"60f23"
885;"User_885";"user885@gmail.com";"9424c"
886;"User_886";"user886@gmail.com";"f185a"
887;"User_887";"user887@gmail.com";"93505"
888;"User_888";"user888@gmail.com";"8b478"
889;"User_889";"user889@gmail.com";"29a67"
890;"User_890";"user890@gmail.com";"ba4bf"
891;"User_891";"user891@gmail.com";"6802d"
892;"User_892";"user892@gmail.com";"66be8"
893;"User_893";"user893@gmail.com";"c3898"
894;"User_894";"user894@gmail.com";"3d0c6"
895;"User_895";"user895@gmail.com";"2a7f2"
896;"User_896";"user896@gmail.com";"89c1c"
897;"User_897";"user897@gmail.com";"4fbeb"
898;"User_898";"user898@gmail.com";"c43b7"
899;"User_899";"user899@gmail.com";"9ea61"
900;"User_900";"user900@gmail.com";"b0f8c"
901;"User_901";"user901@gmail.com";"a5eba"
902;"User_902";"user902@gmail.com";"bb463"
903;"User_903";"user903@gmail.com";"fbeca"
904;"User_904";"user904@gmail.com";"dad46"
905;"User_905";"user905@gmail.com";"22413"
906;"User_906";"user906@gmail.com";"b637c"
907;"User_907";"user907@gmail.com";"9be46"
908;"User_908";"user908@gmail.com";"cde42"
909;"User_909";"user909@gmail.com";"aa6b8"
910;"User_910";"user910@gmail.com";"7fca7"
911;"User_911";"user911@gmail.com";"772c3"
912;"User_912";"user912@gmail.com";"40152"
913;"User_913";"user913@gmail.com";"33ac8"
914;"User_914";"user914@gmail.com";"87a60"
915;"User_915";"user915@gmail.com";"f45ac"
916;"User_916";"user916@gmail.com";"43bf7"
917;"User_917";"user917@gmail.com";"48151"
918;"User_918";"user918@gmail.com";"f6443"
919;"User_919";"user919@gmail.com";"c43ef"
920;"User_920";"user920@gmail.com";"332df"
921;"User_921";"user921@gmail.com";"d1015"
922;"User_922";"user922@gmail.com";"d9aa7"
923;"User_923";"user923@gmail.com";"bb35d"
924;"User_924";"user924@gmail.com";"a49c7"
925;"User_925";"user925@gmail.com";"a173d"
926;"User_926";"user926@gmail.com";"887de"
927;"User_927";"user927@gmail.com";"baed3"
928;"User_928";"user928@gmail.com";"70f1e"
929;"User_929";"user929@gmail.com";"f6bb0"
930;"User_930";"user930@gmail.com";"d3bb3"
931;"User_931";"user931@gmail.com";"1a6c6"
932;"User_932";"user932@gmail.com";"d1417"
933;"User_933";"user933@gmail.com";"b9e71"
934;"User_934";"user934@gmail.com";"50a62"
935;"User_935";"user935@gmail.com";"eaffc"
936;"User_936";"user936@gmail.com";"25860"
937;"User_937";"user937@gmail.com";"fb23f"
938;"User_938";"user938@gmail.com";"5ee34"
939;"User_939";"user939@gmail.com";"a532a"
940;"User_940";"user940@gmail.com";"b22a3"
941;"User_941";"user941@gmail.com";"42517"
942;"User_942";"user942@gmail.com";"48c9b"
943;"User_943";"user943@gmail.com";"34e74"
944;"User_944";"user944@gmail.com";"e27e2"
945;"User_945";"user945@gmail.com";"94579"
946;"User_946";"user946@gmail.com";"f7986"
947;"User_947";"user947@gmail.com";"404a2"
948;"User_948";"user948@gmail.com";"8c95d"
949;"User_949";"user949@gmail.com";"7594f"
950;"User_950";"user950@gmail.com";"af6e3"
951;"User_951";"user951@gmail.com";"6a169"
952;"User_952";"user952@gmail.com";"5588d"
953;"User_953";"user953@gmail.com";"2f082"
954;"User_954";"user954@gmail.com";"3a0dc"
955;"User_955";"user955@gmail.com";"5799f"
956;"User_956";"user956@gmail.com";"f3ba1"
957;"User_957";"user957@gmail.com";"962ed"
958;"User_958";"user958@gmail.com";"def1e"
959;"User_959";"user959@gmail.com";"beab7"
960;"User_960";"user960@gmail.com";"7345d"
961;"User_961";"user961@gmail.com";"f30a3"
962;"User_962";"user962@gmail.com";"c54cf"
963;"User_963";"user963@gmail.com";"206dd"
964;"User_964";"user964@gmail.com";"8ead9"
965;"User_965";"user965@gmail.com";"500d7"
966;"User_966";"user966@gmail.com";"bba07"
967;"User_967";"user967@gmail.com";"9560b"
968;"User_968";"user968@gmail.com";"6059e"
969;"User_969";"user969@gmail.com";"a24b7"
970;"User_970";"user970@gmail.com";"a667d"
971;"User_971";"user971@gmail.com";"a09f7"
972;"User_972";"user972@gmail.com";"c564d"
973;"User_973";"user973@gmail.com";"342de"
974;"User_974";"user974@gmail.com";"f9e4f"
975;"User_975";"user975@gmail.com";"db120"
976;"User_976";"user976@gmail.com";"bf4ee"
977;"User_977";"user977@gmail.com";"16be0"
978;"User_978";"user978@gmail.com";"e2702"
979;"User_979";"user979@gmail.com";"9f526"
980;"User_980";"user980@gmail.com";"08dac"
981;"User_981";"user981@gmail.com";"b9839"
982;"User_982";"user982@gmail.com";"cfb09"
983;"User_983";"user983@gmail.com";"33322"
984;"User_984";"user984@gmail.com";"88de9"
985;"User_985";"user985@gmail.com";"35934"
986;"User_986";"user986@gmail.com";"f4ca0"
987;"User_987";"user987@gmail.com";"aa2a1"
988;"User_988";"user988@gmail.com";"bf6a9"
989;"User_989";"user989@gmail.com";"b317a"
990;"User_990";"user990@gmail.com";"653b6"
991;"User_991";"user991@gmail.com";"9c910"
992;"User_992";"user992@gmail.com";"57337"
993;"User_993";"user993@gmail.com";"b8a2b"
994;"User_994";"user994@gmail.com";"74a38"
995;"User_995";"user995@gmail.com";"da89c"
996;"User_996";"user996@gmail.com";"4f994"
997;"User_997";"user997@gmail.com";"62deb"
998;"User_998";"user998@gmail.com";"4ed5b"
999;"User_999";"user999@gmail.com";"af14e"
1000;"User_1000";"user1000@gmail.com";"27499"
1001;"User_1001";"user1001@gmail.com";"597c7"
1002;"User_1002";"user1002@gmail.com";"8c18b"
1003;"User_1003";"user1003@gmail.com";"398d9"
1004;"User_1004";"user1004@gmail.com";"fc140"
1005;"User_1005";"user1005@gmail.com";"321b4"
1006;"User_1006";"user1006@gmail.com";"6256c"
1007;"User_1007";"user1007@gmail.com";"b6d1e"
